%time,field.header.seq,field.header.stamp,field.header.frame_id,field.speed_g_static,field.speed_wanted0,field.speed_wanted1,field.speed_wanted2,field.speed_wanted3,field.speed_wanted4,field.speed_wanted5,field.speed_wanted6,field.speed_wanted7,field.speed_wanted8,field.speed_wanted9,field.speed_wanted10,field.speed_wanted11,field.speed_wanted12,field.joint_now0,field.joint_now1,field.joint_now2,field.joint_now3,field.joint_now4,field.joint_now5,field.joint_now6,field.joint_now7,field.joint_now8,field.joint_now9,field.joint_now10,field.joint_now11,field.joint_now12,field.joint_wanted0,field.joint_wanted1,field.joint_wanted2,field.joint_wanted3,field.joint_wanted4,field.joint_wanted5,field.joint_wanted6,field.joint_wanted7,field.joint_wanted8,field.joint_wanted9,field.joint_wanted10,field.joint_wanted11,field.joint_wanted12
1374680211655254877,21922,1374680211655254877,,20,50,50,50,50,50,50,50,50,50,50,50,50,-32768,0.1,-0.0666666666667,10.3555555556,10.2222222222,20.2444444444,20.2777777778,0.0,-0.55,14.6,14.8,0.4,96.0,3.7187924981e+227,0.0,0.0,0.0,0.0,0.0,0.0,0.0,0.0,0.0,0.0,0.0,0.0,0.0
1374680211766553310,21923,1374680211766553310,,20,50,50,50,50,50,50,50,50,50,50,50,50,-32768,0.1,-0.0666666666667,10.3555555556,10.2222222222,20.2444444444,20.1333333333,0.0,-0.55,14.6,14.8,0.4,96.0,3.7187924981e+227,0.0,0.0,0.0,0.0,0.0,0.0,0.0,0.0,0.0,0.0,0.0,0.0,0.0
1374680211863071723,21924,1374680211863071723,,20,50,50,50,50,50,50,50,50,50,50,50,50,-32768,0.1,-0.0666666666667,10.3555555556,10.2222222222,20.2444444444,20.1333333333,0.0,-0.55,14.6,14.8,0.4,96.0,3.7187924981e+227,0.0,0.0,0.0,0.0,0.0,0.0,0.0,0.0,0.0,0.0,0.0,0.0,0.0
1374680211958559068,21925,1374680211958559068,,20,50,50,50,50,50,50,50,50,50,50,50,50,-32768,0.1,-0.0666666666667,10.3555555556,10.2222222222,20.3888888889,20.2777777778,0.0,-0.55,14.6,14.8,0.4,96.0,3.7187924981e+227,0.0,0.0,0.0,0.0,0.0,0.0,0.0,0.0,0.0,0.0,0.0,0.0,0.0
1374680212070908892,21926,1374680212070908892,,20,50,50,50,50,50,50,50,50,50,50,50,50,-32768,0.1,-0.0666666666667,10.3555555556,10.2222222222,20.2444444444,20.1333333333,0.0,-0.55,14.6,14.8,0.4,96.0,3.7187924981e+227,0.0,0.0,0.0,0.0,0.0,0.0,0.0,0.0,0.0,0.0,0.0,0.0,0.0
1374680212166796359,21927,1374680212166796359,,20,50,50,50,50,50,50,50,50,50,50,50,50,-32768,0.1,-0.0666666666667,10.3555555556,10.2222222222,20.2444444444,20.1333333333,0.0,-0.55,14.6,14.8,0.4,96.0,3.7187924981e+227,0.0,0.0,0.0,0.0,0.0,0.0,0.0,0.0,0.0,0.0,0.0,0.0,0.0
1374680212270626804,21928,1374680212270626804,,20,50,50,50,50,50,50,50,50,50,50,50,50,-32768,0.1,-0.0666666666667,10.3555555556,10.2222222222,20.2444444444,20.2777777778,0.0,-0.55,14.6,14.8,0.4,96.0,3.7187924981e+227,0.0,0.0,0.0,0.0,0.0,0.0,0.0,0.0,0.0,0.0,0.0,0.0,0.0
1374680212367216175,21929,1374680212367216175,,20,50,50,50,50,50,50,50,50,50,50,50,50,-32768,0.1,-0.0666666666667,10.3555555556,10.2222222222,20.2444444444,20.1333333333,0.0,-0.55,14.6,14.8,0.4,96.0,3.7187924981e+227,0.0,0.0,0.0,0.0,0.0,0.0,0.0,0.0,0.0,0.0,0.0,0.0,0.0
1374680212462401946,21930,1374680212462401946,,20,50,50,50,50,50,50,50,50,50,50,50,50,-32768,0.1,-0.0666666666667,10.3555555556,10.2222222222,20.2444444444,20.1333333333,0.0,-0.55,14.6,14.8,0.4,96.0,3.7187924981e+227,0.0,0.0,0.0,0.0,0.0,0.0,0.0,0.0,0.0,0.0,0.0,0.0,0.0
1374680212563012079,21931,1374680212563012079,,20,50,50,50,50,50,50,50,50,50,50,50,50,-32768,0.1,-0.0666666666667,10.3555555556,10.2222222222,20.2444444444,20.1333333333,0.0,-0.55,14.6,14.8,0.4,96.0,3.7187924981e+227,0.0,0.0,0.0,0.0,0.0,0.0,0.0,0.0,0.0,0.0,0.0,0.0,0.0
1374680212669012912,21932,1374680212669012912,,20,50,50,50,50,50,50,50,50,50,50,50,50,-32768,0.1,-0.0666666666667,10.3555555556,10.2222222222,20.2444444444,20.1333333333,0.0,-0.55,14.6,14.8,0.4,96.0,3.7187924981e+227,0.0,0.0,0.0,0.0,0.0,0.0,0.0,0.0,0.0,0.0,0.0,0.0,0.0
1374680212768710290,21933,1374680212768710290,,20,50,50,50,50,50,50,50,50,50,50,50,50,-32768,0.1,-0.0666666666667,10.3555555556,10.2222222222,20.2444444444,20.1333333333,0.0,-0.55,14.6,14.8,0.4,96.0,3.7187924981e+227,0.0,0.0,0.0,0.0,0.0,0.0,0.0,0.0,0.0,0.0,0.0,0.0,0.0
1374680212867255845,21934,1374680212867255845,,20,50,50,50,50,50,50,50,50,50,50,50,50,-32768,0.1,-0.0666666666667,10.3555555556,10.2222222222,20.2444444444,20.2777777778,0.0,-0.55,14.6,14.8,0.4,96.0,3.7187924981e+227,0.0,0.0,0.0,0.0,0.0,0.0,0.0,0.0,0.0,0.0,0.0,0.0,0.0
1374680212967189705,21935,1374680212967189705,,20,50,50,50,50,50,50,50,50,50,50,50,50,-32768,0.1,-0.0666666666667,10.3555555556,10.2222222222,20.2444444444,20.1333333333,0.0,-0.55,14.6,14.8,0.4,96.0,3.7187924981e+227,0.0,0.0,0.0,0.0,0.0,0.0,0.0,0.0,0.0,0.0,0.0,0.0,0.0
1374680213070566740,21936,1374680213070566740,,20,50,50,50,50,50,50,50,50,50,50,50,50,-32768,0.1,-0.0666666666667,10.3555555556,10.2222222222,20.2444444444,20.1333333333,0.0,-0.55,14.6,14.8,0.4,96.0,3.7187924981e+227,0.0,0.0,0.0,0.0,0.0,0.0,0.0,0.0,0.0,0.0,0.0,0.0,0.0
1374680213178417738,21937,1374680213178417738,,20,50,50,50,50,50,50,50,50,50,50,50,50,-32768,0.1,-0.0666666666667,10.3555555556,10.2222222222,20.2444444444,20.2777777778,0.0,-0.55,14.6,14.8,0.4,96.0,3.7187924981e+227,0.0,0.0,0.0,0.0,0.0,0.0,0.0,0.0,0.0,0.0,0.0,0.0,0.0
1374680213286831377,21938,1374680213286831377,,20,50,50,50,50,50,50,50,50,50,50,50,50,-32768,0.1,-0.0666666666667,10.4,10.2222222222,20.2444444444,20.1333333333,0.0,-0.55,14.6,14.6,0.4,96.0,3.7187924981e+227,0.0,0.0,0.0,0.0,0.0,0.0,0.0,0.0,0.0,0.0,0.0,0.0,0.0
1374680213386402971,21939,1374680213386402971,,20,50,50,50,50,50,50,50,50,50,50,50,50,-32768,0.1,-0.0666666666667,10.4,10.2222222222,20.2444444444,20.2777777778,0.0,-0.55,14.6,14.8,0.4,96.0,3.7187924981e+227,0.0,0.0,0.0,0.0,0.0,0.0,0.0,0.0,0.0,0.0,0.0,0.0,0.0
1374680213483201866,21940,1374680213483201866,,20,50,50,50,50,50,50,50,50,50,50,50,50,-32768,0.1,-0.0666666666667,10.4,10.2222222222,20.2444444444,20.1333333333,0.0,-0.55,14.6,14.8,0.4,96.0,3.7187924981e+227,0.0,0.0,0.0,0.0,0.0,0.0,0.0,0.0,0.0,0.0,0.0,0.0,0.0
1374680213578971719,21941,1374680213578971719,,20,50,50,50,50,50,50,50,50,50,50,50,50,-32768,0.1,-0.0666666666667,10.4,10.2222222222,20.3888888889,20.1333333333,0.0,-0.55,14.6,14.8,0.4,96.0,3.7187924981e+227,0.0,0.0,0.0,0.0,0.0,0.0,0.0,0.0,0.0,0.0,0.0,0.0,0.0
1374680213674722856,21942,1374680213674722856,,20,50,50,50,50,50,50,50,50,50,50,50,50,-32768,0.1,-0.0666666666667,10.4,10.2222222222,20.2444444444,20.1333333333,0.0,-0.55,14.6,14.8,0.4,96.0,3.7187924981e+227,0.0,0.0,0.0,0.0,0.0,0.0,0.0,0.0,0.0,0.0,0.0,0.0,0.0
1374680213782981378,21943,1374680213782981378,,20,50,50,50,50,50,50,50,50,50,50,50,50,-32768,0.1,-0.0666666666667,10.4,10.2222222222,20.2444444444,20.2777777778,0.0,-0.55,14.6,14.8,0.4,96.0,3.7187924981e+227,0.0,0.0,0.0,0.0,0.0,0.0,0.0,0.0,0.0,0.0,0.0,0.0,0.0
1374680213879005873,21944,1374680213879005873,,20,50,50,50,50,50,50,50,50,50,50,50,50,-32768,0.1,-0.0666666666667,10.4,10.2222222222,20.2444444444,20.1333333333,0.0,-0.55,14.6,14.8,0.4,96.0,3.7187924981e+227,0.0,0.0,0.0,0.0,0.0,0.0,0.0,0.0,0.0,0.0,0.0,0.0,0.0
1374680213978056800,21945,1374680213978056800,,20,50,50,50,50,50,50,50,50,50,50,50,50,-32768,0.1,-0.0666666666667,10.3555555556,10.2222222222,20.2444444444,20.1333333333,0.0,-0.55,14.6,14.8,0.4,96.0,3.7187924981e+227,0.0,0.0,0.0,0.0,0.0,0.0,0.0,0.0,0.0,0.0,0.0,0.0,0.0
1374680214087054591,21946,1374680214087054591,,20,50,50,50,50,50,50,50,50,50,50,50,50,-32768,0.1,-0.0666666666667,10.3555555556,10.2222222222,20.3888888889,20.2777777778,0.0,-0.55,14.6,14.8,0.4,96.0,3.7187924981e+227,0.0,0.0,0.0,0.0,0.0,0.0,0.0,0.0,0.0,0.0,0.0,0.0,0.0
1374680214183396236,21947,1374680214183396236,,20,50,50,50,50,50,50,50,50,50,50,50,50,-32768,0.1,-0.0666666666667,10.3555555556,10.2222222222,20.2444444444,20.1333333333,0.0,-0.55,14.6,14.8,0.4,96.0,3.7187924981e+227,0.0,0.0,0.0,0.0,0.0,0.0,0.0,0.0,0.0,0.0,0.0,0.0,0.0
1374680214290327843,21948,1374680214290327843,,20,50,50,50,50,50,50,50,50,50,50,50,50,-32768,0.1,-0.0666666666667,10.3555555556,10.2222222222,20.2444444444,20.2777777778,0.0,-0.55,14.6,14.8,0.4,96.0,3.7187924981e+227,0.0,0.0,0.0,0.0,0.0,0.0,0.0,0.0,0.0,0.0,0.0,0.0,0.0
1374680214387317125,21949,1374680214387317125,,20,50,50,50,50,50,50,50,50,50,50,50,50,-32768,0.1,-0.0666666666667,10.3555555556,10.2222222222,20.2444444444,20.2777777778,0.0,-0.55,14.6,14.8,0.4,96.0,3.7187924981e+227,0.0,0.0,0.0,0.0,0.0,0.0,0.0,0.0,0.0,0.0,0.0,0.0,0.0
1374680214483180846,21950,1374680214483180846,,20,50,50,50,50,50,50,50,50,50,50,50,50,-32768,0.1,-0.0666666666667,10.3555555556,10.2222222222,20.2444444444,20.1333333333,0.0,-0.55,14.6,14.8,0.4,96.0,3.7187924981e+227,0.0,0.0,0.0,0.0,0.0,0.0,0.0,0.0,0.0,0.0,0.0,0.0,0.0
1374680214590397615,21951,1374680214590397615,,20,50,50,50,50,50,50,50,50,50,50,50,50,-32768,0.1,-0.0666666666667,10.3555555556,10.2222222222,20.2444444444,20.1333333333,0.0,-0.55,14.6,14.8,0.4,96.0,3.7187924981e+227,0.0,0.0,0.0,0.0,0.0,0.0,0.0,0.0,0.0,0.0,0.0,0.0,0.0
1374680214687005564,21952,1374680214687005564,,20,50,50,50,50,50,50,50,50,50,50,50,50,-32768,0.1,-0.0666666666667,10.3555555556,10.2222222222,20.2444444444,20.2777777778,0.0,-0.55,14.6,14.8,0.4,96.0,3.7187924981e+227,0.0,0.0,0.0,0.0,0.0,0.0,0.0,0.0,0.0,0.0,0.0,0.0,0.0
1374680214786419596,21953,1374680214786419596,,20,50,50,50,50,50,50,50,50,50,50,50,50,-32768,0.1,-0.0666666666667,10.3555555556,10.2222222222,20.2444444444,20.1333333333,0.0,-0.55,14.6,14.8,0.4,96.0,3.7187924981e+227,0.0,0.0,0.0,0.0,0.0,0.0,0.0,0.0,0.0,0.0,0.0,0.0,0.0
1374680214882078891,21954,1374680214882078891,,20,50,50,50,50,50,50,50,50,50,50,50,50,-32768,0.1,-0.0666666666667,10.3555555556,10.2222222222,20.2444444444,20.1333333333,0.0,-0.55,14.6,14.8,0.4,96.0,3.7187924981e+227,0.0,0.0,0.0,0.0,0.0,0.0,0.0,0.0,0.0,0.0,0.0,0.0,0.0
1374680214986933698,21955,1374680214986933698,,20,50,50,50,50,50,50,50,50,50,50,50,50,-32768,0.1,-0.0666666666667,10.3555555556,10.2222222222,20.2444444444,20.2777777778,0.0,-0.55,14.6,14.8,0.4,96.0,3.7187924981e+227,0.0,0.0,0.0,0.0,0.0,0.0,0.0,0.0,0.0,0.0,0.0,0.0,0.0
1374680215087316289,21956,1374680215087316289,,20,50,50,50,50,50,50,50,50,50,50,50,50,-32768,0.1,-0.0666666666667,10.3555555556,10.2222222222,20.2444444444,20.1333333333,0.0,-0.55,14.6,14.8,0.4,96.0,3.7187924981e+227,0.0,0.0,0.0,0.0,0.0,0.0,0.0,0.0,0.0,0.0,0.0,0.0,0.0
1374680215196841592,21957,1374680215196841592,,20,50,50,50,50,50,50,50,50,50,50,50,50,-32768,0.1,-0.0666666666667,10.3555555556,10.2222222222,20.2444444444,20.1333333333,0.0,-0.55,14.6,14.8,0.4,96.0,3.7187924981e+227,0.0,0.0,0.0,0.0,0.0,0.0,0.0,0.0,0.0,0.0,0.0,0.0,0.0
1374680215314784584,21958,1374680215314784584,,20,50,50,50,50,50,50,50,50,50,50,50,50,-32768,0.1,-0.0666666666667,10.3555555556,10.2222222222,20.2444444444,20.1333333333,0.0,-0.55,14.6,14.6,0.4,96.0,3.7187924981e+227,0.0,0.0,0.0,0.0,0.0,0.0,0.0,0.0,0.0,0.0,0.0,0.0,0.0
1374680215411020209,21959,1374680215411020209,,20,50,50,50,50,50,50,50,50,50,50,50,50,-32768,0.1,-0.0666666666667,10.3555555556,10.2222222222,20.2444444444,20.1333333333,0.0,-0.55,14.6,14.6,0.4,96.0,3.7187924981e+227,0.0,0.0,0.0,0.0,0.0,0.0,0.0,0.0,0.0,0.0,0.0,0.0,0.0
1374680215506742221,21960,1374680215506742221,,20,50,50,50,50,50,50,50,50,50,50,50,50,-32768,0.1,-0.0666666666667,10.3555555556,10.2222222222,20.2444444444,20.2777777778,0.0,-0.55,14.6,14.6,0.4,96.0,3.7187924981e+227,0.0,0.0,0.0,0.0,0.0,0.0,0.0,0.0,0.0,0.0,0.0,0.0,0.0
1374680215610980958,21961,1374680215610980958,,20,50,50,50,50,50,50,50,50,50,50,50,50,-32768,0.1,-0.0666666666667,10.3555555556,10.2222222222,20.2444444444,20.1333333333,0.0,-0.55,14.6,14.6,0.4,96.0,3.7187924981e+227,0.0,0.0,0.0,0.0,0.0,0.0,0.0,0.0,0.0,0.0,0.0,0.0,0.0
1374680215718932248,21962,1374680215718932248,,20,50,50,50,50,50,50,50,50,50,50,50,50,-32768,0.1,-0.0666666666667,10.3555555556,10.2222222222,20.2444444444,20.1333333333,0.0,-0.55,14.6,14.8,0.4,96.0,3.7187924981e+227,0.0,0.0,0.0,0.0,0.0,0.0,0.0,0.0,0.0,0.0,0.0,0.0,0.0
1374680215818492108,21963,1374680215818492108,,20,50,50,50,50,50,50,50,50,50,50,50,50,-32768,0.1,-0.0666666666667,10.3555555556,10.2222222222,20.2444444444,20.1333333333,0.0,-0.55,14.6,14.8,0.4,96.0,3.7187924981e+227,0.0,0.0,0.0,0.0,0.0,0.0,0.0,0.0,0.0,0.0,0.0,0.0,0.0
1374680215914723892,21964,1374680215914723892,,20,50,50,50,50,50,50,50,50,50,50,50,50,-32768,0.1,-0.0666666666667,10.3555555556,10.2222222222,20.2444444444,20.1333333333,0.0,-0.55,14.6,14.8,0.4,96.0,3.7187924981e+227,0.0,0.0,0.0,0.0,0.0,0.0,0.0,0.0,0.0,0.0,0.0,0.0,0.0
1374680216017927651,21965,1374680216017927651,,20,50,50,50,50,50,50,50,50,50,50,50,50,-32768,0.1,-0.0666666666667,10.3555555556,10.2222222222,20.2444444444,20.2777777778,0.0,-0.55,14.6,14.8,0.4,96.0,3.7187924981e+227,0.0,0.0,0.0,0.0,0.0,0.0,0.0,0.0,0.0,0.0,0.0,0.0,0.0
1374680216127235678,21966,1374680216127235678,,20,50,50,50,50,50,50,50,50,50,50,50,50,-32768,0.1,-0.0666666666667,10.3555555556,10.2222222222,20.2444444444,20.1333333333,0.0,-0.55,14.6,14.8,0.4,96.0,3.7187924981e+227,0.0,0.0,0.0,0.0,0.0,0.0,0.0,0.0,0.0,0.0,0.0,0.0,0.0
1374680216222643684,21967,1374680216222643684,,20,50,50,50,50,50,50,50,50,50,50,50,50,-32768,0.1,-0.0666666666667,10.4,10.2222222222,20.2444444444,20.2777777778,0.0,-0.55,14.6,14.8,0.4,96.0,3.7187924981e+227,0.0,0.0,0.0,0.0,0.0,0.0,0.0,0.0,0.0,0.0,0.0,0.0,0.0
1374680216330784174,21968,1374680216330784174,,20,50,50,50,50,50,50,50,50,50,50,50,50,-32768,0.1,-0.0666666666667,10.3555555556,10.2222222222,20.3888888889,20.1333333333,0.0,-0.55,14.6,14.8,0.4,96.0,3.7187924981e+227,0.0,0.0,0.0,0.0,0.0,0.0,0.0,0.0,0.0,0.0,0.0,0.0,0.0
1374680216426758663,21969,1374680216426758663,,20,50,50,50,50,50,50,50,50,50,50,50,50,-32768,0.1,-0.0666666666667,10.3555555556,10.2222222222,20.2444444444,20.1333333333,0.0,-0.55,14.6,14.8,0.4,96.0,3.7187924981e+227,0.0,0.0,0.0,0.0,0.0,0.0,0.0,0.0,0.0,0.0,0.0,0.0,0.0
1374680216523420389,21970,1374680216523420389,,20,50,50,50,50,50,50,50,50,50,50,50,50,-32768,0.1,-0.0666666666667,10.4,10.2222222222,20.3888888889,20.2777777778,0.0,-0.55,14.6,14.8,0.4,96.0,3.7187924981e+227,0.0,0.0,0.0,0.0,0.0,0.0,0.0,0.0,0.0,0.0,0.0,0.0,0.0
1374680216623429120,21971,1374680216623429120,,20,50,50,50,50,50,50,50,50,50,50,50,50,-32768,0.1,-0.0666666666667,10.4,10.2222222222,20.2444444444,20.1333333333,0.0,-0.55,14.6,14.8,0.4,96.0,3.7187924981e+227,0.0,0.0,0.0,0.0,0.0,0.0,0.0,0.0,0.0,0.0,0.0,0.0,0.0
1374680216730766854,21972,1374680216730766854,,20,50,50,50,50,50,50,50,50,50,50,50,50,-32768,0.1,-0.0666666666667,10.4,10.2222222222,20.2444444444,20.1333333333,0.0,-0.55,14.6,14.8,0.4,96.0,3.7187924981e+227,0.0,0.0,0.0,0.0,0.0,0.0,0.0,0.0,0.0,0.0,0.0,0.0,0.0
1374680216831426645,21973,1374680216831426645,,20,50,50,50,50,50,50,50,50,50,50,50,50,-32768,0.1,-0.0666666666667,10.4,10.2222222222,20.2444444444,20.1333333333,0.0,-0.55,14.6,14.8,0.4,96.0,3.7187924981e+227,0.0,0.0,0.0,0.0,0.0,0.0,0.0,0.0,0.0,0.0,0.0,0.0,0.0
1374680216934993789,21974,1374680216934993789,,20,50,50,50,50,50,50,50,50,50,50,50,50,-32768,0.1,-0.0666666666667,10.4,10.2222222222,20.2444444444,20.2777777778,0.0,-0.55,14.6,14.6,0.4,96.0,3.7187924981e+227,0.0,0.0,0.0,0.0,0.0,0.0,0.0,0.0,0.0,0.0,0.0,0.0,0.0
1374680217042562767,21975,1374680217042562767,,20,50,50,50,50,50,50,50,50,50,50,50,50,-32768,0.1,-0.0666666666667,10.4,10.2222222222,20.2444444444,20.1333333333,0.0,-0.55,14.6,14.8,0.4,96.0,3.7187924981e+227,0.0,0.0,0.0,0.0,0.0,0.0,0.0,0.0,0.0,0.0,0.0,0.0,0.0
1374680217139070285,21976,1374680217139070285,,20,50,50,50,50,50,50,50,50,50,50,50,50,-32768,0.1,-0.0666666666667,10.3555555556,10.2222222222,20.2444444444,20.2777777778,0.0,-0.55,14.6,14.8,0.4,96.0,3.7187924981e+227,0.0,0.0,0.0,0.0,0.0,0.0,0.0,0.0,0.0,0.0,0.0,0.0,0.0
1374680217238435917,21977,1374680217238435917,,20,50,50,50,50,50,50,50,50,50,50,50,50,-32768,0.1,-0.0666666666667,10.4,10.2222222222,20.2444444444,20.2777777778,0.0,-0.55,14.6,14.8,0.4,96.0,3.7187924981e+227,0.0,0.0,0.0,0.0,0.0,0.0,0.0,0.0,0.0,0.0,0.0,0.0,0.0
1374680217346829861,21978,1374680217346829861,,20,50,50,50,50,50,50,50,50,50,50,50,50,-32768,0.1,-0.0666666666667,10.4,10.2222222222,20.2444444444,20.1333333333,0.0,-0.55,14.6,14.8,0.4,96.0,3.7187924981e+227,0.0,0.0,0.0,0.0,0.0,0.0,0.0,0.0,0.0,0.0,0.0,0.0,0.0
1374680217442740025,21979,1374680217442740025,,20,50,50,50,50,50,50,50,50,50,50,50,50,-32768,0.1,-0.0666666666667,10.3555555556,10.2222222222,20.2444444444,20.1333333333,0.0,-0.55,14.6,14.8,0.4,96.0,3.7187924981e+227,0.0,0.0,0.0,0.0,0.0,0.0,0.0,0.0,0.0,0.0,0.0,0.0,0.0
1374680217546803880,21980,1374680217546803880,,20,50,50,50,50,50,50,50,50,50,50,50,50,-32768,0.1,-0.0666666666667,10.3555555556,10.2222222222,20.2444444444,20.2777777778,0.0,-0.55,14.6,14.8,0.4,96.0,3.7187924981e+227,0.0,0.0,0.0,0.0,0.0,0.0,0.0,0.0,0.0,0.0,0.0,0.0,0.0
1374680217642672001,21981,1374680217642672001,,20,50,50,50,50,50,50,50,50,50,50,50,50,-32768,0.1,-0.0666666666667,10.3555555556,10.2222222222,20.2444444444,20.2777777778,0.0,-0.55,14.6,14.8,0.4,96.0,3.7187924981e+227,0.0,0.0,0.0,0.0,0.0,0.0,0.0,0.0,0.0,0.0,0.0,0.0,0.0
1374680217741448032,21982,1374680217741448032,,20,50,50,50,50,50,50,50,50,50,50,50,50,-32768,0.1,-0.0666666666667,10.3555555556,10.2222222222,20.2444444444,20.1333333333,0.0,-0.55,14.6,14.8,0.4,96.0,3.7187924981e+227,0.0,0.0,0.0,0.0,0.0,0.0,0.0,0.0,0.0,0.0,0.0,0.0,0.0
1374680217851069925,21983,1374680217851069925,,20,50,50,50,50,50,50,50,50,50,50,50,50,-32768,0.1,-0.0666666666667,10.3555555556,10.2222222222,20.2444444444,20.1333333333,0.0,-0.55,14.6,14.8,0.4,96.0,3.7187924981e+227,0.0,0.0,0.0,0.0,0.0,0.0,0.0,0.0,0.0,0.0,0.0,0.0,0.0
1374680217950979760,21984,1374680217950979760,,20,50,50,50,50,50,50,50,50,50,50,50,50,-32768,0.1,-0.0666666666667,10.3555555556,10.2222222222,20.2444444444,20.1333333333,0.0,-0.55,14.6,14.8,0.4,96.0,3.7187924981e+227,0.0,0.0,0.0,0.0,0.0,0.0,0.0,0.0,0.0,0.0,0.0,0.0,0.0
1374680218055424179,21985,1374680218055424179,,20,50,50,50,50,50,50,50,50,50,50,50,50,-32768,0.1,-0.0666666666667,10.3555555556,10.2222222222,20.2444444444,20.1333333333,0.0,-0.55,14.6,14.8,0.4,96.0,3.7187924981e+227,0.0,0.0,0.0,0.0,0.0,0.0,0.0,0.0,0.0,0.0,0.0,0.0,0.0
1374680218155135246,21986,1374680218155135246,,20,50,50,50,50,50,50,50,50,50,50,50,50,-32768,0.1,-0.0666666666667,10.3555555556,10.2222222222,20.2444444444,20.2777777778,0.0,-0.55,14.6,14.8,0.4,96.0,3.7187924981e+227,0.0,0.0,0.0,0.0,0.0,0.0,0.0,0.0,0.0,0.0,0.0,0.0,0.0
1374680218255418732,21987,1374680218255418732,,20,50,50,50,50,50,50,50,50,50,50,50,50,-32768,0.1,-0.0666666666667,10.3555555556,10.2222222222,20.2444444444,20.1333333333,0.0,-0.55,14.6,14.8,0.4,96.0,3.7187924981e+227,0.0,0.0,0.0,0.0,0.0,0.0,0.0,0.0,0.0,0.0,0.0,0.0,0.0
1374680218363376657,21988,1374680218363376657,,20,50,50,50,50,50,50,50,50,50,50,50,50,-32768,0.1,-0.0666666666667,10.3555555556,10.2222222222,20.3888888889,20.1333333333,0.0,-0.55,14.6,14.8,0.4,96.0,3.7187924981e+227,0.0,0.0,0.0,0.0,0.0,0.0,0.0,0.0,0.0,0.0,0.0,0.0,0.0
1374680218471045299,21989,1374680218471045299,,20,50,50,50,50,50,50,50,50,50,50,50,50,-32768,0.1,-0.0666666666667,10.3555555556,10.2222222222,20.2444444444,20.2777777778,0.0,-0.55,14.6,14.8,0.4,96.0,3.7187924981e+227,0.0,0.0,0.0,0.0,0.0,0.0,0.0,0.0,0.0,0.0,0.0,0.0,0.0
1374680218571061782,21990,1374680218571061782,,20,50,50,50,50,50,50,50,50,50,50,50,50,-32768,0.1,-0.0666666666667,10.3555555556,10.2222222222,20.2444444444,20.1333333333,0.0,-0.55,14.6,14.8,0.4,96.0,3.7187924981e+227,0.0,0.0,0.0,0.0,0.0,0.0,0.0,0.0,0.0,0.0,0.0,0.0,0.0
1374680218678654158,21991,1374680218678654158,,20,50,50,50,50,50,50,50,50,50,50,50,50,-32768,0.1,-0.0666666666667,10.3555555556,10.2222222222,20.2444444444,20.1333333333,0.0,-0.55,14.6,14.8,0.4,96.0,3.7187924981e+227,0.0,0.0,0.0,0.0,0.0,0.0,0.0,0.0,0.0,0.0,0.0,0.0,0.0
1374680218774403338,21992,1374680218774403338,,20,50,50,50,50,50,50,50,50,50,50,50,50,-32768,0.1,-0.0666666666667,10.3555555556,10.2222222222,20.2444444444,20.1333333333,0.0,-0.55,14.6,14.8,0.4,96.0,3.7187924981e+227,0.0,0.0,0.0,0.0,0.0,0.0,0.0,0.0,0.0,0.0,0.0,0.0,0.0
1374680218870896468,21993,1374680218870896468,,20,50,50,50,50,50,50,50,50,50,50,50,50,-32768,0.1,-0.0666666666667,10.3555555556,10.2222222222,20.2444444444,20.2777777778,0.0,-0.55,14.6,14.8,0.4,96.0,3.7187924981e+227,0.0,0.0,0.0,0.0,0.0,0.0,0.0,0.0,0.0,0.0,0.0,0.0,0.0
1374680218967362360,21994,1374680218967362360,,20,50,50,50,50,50,50,50,50,50,50,50,50,-32768,0.1,-0.0666666666667,10.3555555556,10.2222222222,20.2444444444,20.1333333333,0.0,-0.55,14.6,14.8,0.4,96.0,3.7187924981e+227,0.0,0.0,0.0,0.0,0.0,0.0,0.0,0.0,0.0,0.0,0.0,0.0,0.0
1374680219083097530,21995,1374680219083097530,,20,50,50,50,50,50,50,50,50,50,50,50,50,-32768,0.1,-0.0666666666667,10.3555555556,10.2222222222,20.2444444444,20.1333333333,0.0,-0.55,14.6,14.8,0.4,96.0,3.7187924981e+227,0.0,0.0,0.0,0.0,0.0,0.0,0.0,0.0,0.0,0.0,0.0,0.0,0.0
1374680219182539429,21996,1374680219182539429,,20,50,50,50,50,50,50,50,50,50,50,50,50,-32768,0.1,-0.0666666666667,10.4,10.2222222222,20.2444444444,20.1333333333,0.0,-0.55,14.6,14.8,0.4,96.0,3.7187924981e+227,0.0,0.0,0.0,0.0,0.0,0.0,0.0,0.0,0.0,0.0,0.0,0.0,0.0
1374680219287221658,21997,1374680219287221658,,20,50,50,50,50,50,50,50,50,50,50,50,50,-32768,0.1,-0.0666666666667,10.4,10.2222222222,20.2444444444,20.2777777778,0.0,-0.55,14.6,14.8,0.4,96.0,3.7187924981e+227,0.0,0.0,0.0,0.0,0.0,0.0,0.0,0.0,0.0,0.0,0.0,0.0,0.0
1374680219394910205,21998,1374680219394910205,,20,50,50,50,50,50,50,50,50,50,50,50,50,-32768,0.1,-0.0666666666667,10.4,10.2222222222,20.2444444444,20.1333333333,0.0,-0.55,14.6,14.8,0.4,96.0,3.7187924981e+227,0.0,0.0,0.0,0.0,0.0,0.0,0.0,0.0,0.0,0.0,0.0,0.0,0.0
1374680219495407336,21999,1374680219495407336,,20,50,50,50,50,50,50,50,50,50,50,50,50,-32768,0.1,-0.0666666666667,10.4,10.2222222222,20.2444444444,20.1333333333,0.0,-0.55,14.6,14.8,0.4,96.0,3.7187924981e+227,0.0,0.0,0.0,0.0,0.0,0.0,0.0,0.0,0.0,0.0,0.0,0.0,0.0
1374680219591291799,22000,1374680219591291799,,20,50,50,50,50,50,50,50,50,50,50,50,50,-32768,0.1,-0.0666666666667,10.4,10.2222222222,20.2444444444,20.1333333333,0.0,-0.55,14.6,14.6,0.4,96.0,3.7187924981e+227,0.0,0.0,0.0,0.0,0.0,0.0,0.0,0.0,0.0,0.0,0.0,0.0,0.0
1374680219686827405,22001,1374680219686827405,,20,50,50,50,50,50,50,50,50,50,50,50,50,-32768,0.1,-0.0666666666667,10.4,10.2222222222,20.2444444444,20.1333333333,0.0,-0.55,14.6,14.8,0.4,96.0,3.7187924981e+227,0.0,0.0,0.0,0.0,0.0,0.0,0.0,0.0,0.0,0.0,0.0,0.0,0.0
1374680219791239488,22002,1374680219791239488,,20,50,50,50,50,50,50,50,50,50,50,50,50,-32768,0.1,-0.0666666666667,10.4,10.2222222222,20.2444444444,20.2777777778,0.0,-0.55,14.6,14.8,0.4,96.0,3.7187924981e+227,0.0,0.0,0.0,0.0,0.0,0.0,0.0,0.0,0.0,0.0,0.0,0.0,0.0
1374680219888601025,22003,1374680219888601025,,20,50,50,50,50,50,50,50,50,50,50,50,50,-32768,0.1,-0.0666666666667,10.4,10.2222222222,20.2444444444,20.1333333333,0.0,-0.55,14.6,14.8,0.4,96.0,3.7187924981e+227,0.0,0.0,0.0,0.0,0.0,0.0,0.0,0.0,0.0,0.0,0.0,0.0,0.0
1374680219994394080,22004,1374680219994394080,,20,50,50,50,50,50,50,50,50,50,50,50,50,-32768,0.1,-0.0666666666667,10.4,10.2222222222,20.2444444444,20.1333333333,0.0,-0.55,14.6,14.8,0.4,96.0,3.7187924981e+227,0.0,0.0,0.0,0.0,0.0,0.0,0.0,0.0,0.0,0.0,0.0,0.0,0.0
1374680220090561679,22005,1374680220090561679,,20,50,50,50,50,50,50,50,50,50,50,50,50,-32768,0.1,-0.0666666666667,10.4,10.2222222222,20.2444444444,20.2777777778,0.0,-0.55,14.6,14.8,0.4,96.0,3.7187924981e+227,0.0,0.0,0.0,0.0,0.0,0.0,0.0,0.0,0.0,0.0,0.0,0.0,0.0
1374680220190503013,22006,1374680220190503013,,20,50,50,50,50,50,50,50,50,50,50,50,50,-32768,0.1,-0.0666666666667,10.4,10.2222222222,20.2444444444,20.1333333333,0.0,-0.55,14.6,14.8,0.4,96.0,3.7187924981e+227,0.0,0.0,0.0,0.0,0.0,0.0,0.0,0.0,0.0,0.0,0.0,0.0,0.0
1374680220286570110,22007,1374680220286570110,,20,50,50,50,50,50,50,50,50,50,50,50,50,-32768,0.1,-0.0666666666667,10.4,10.2222222222,20.2444444444,20.1333333333,0.0,-0.55,14.6,14.8,0.4,96.0,3.7187924981e+227,0.0,0.0,0.0,0.0,0.0,0.0,0.0,0.0,0.0,0.0,0.0,0.0,0.0
1374680220382651875,22008,1374680220382651875,,20,50,50,50,50,50,50,50,50,50,50,50,50,-32768,0.1,-0.0666666666667,10.4,10.2222222222,20.3888888889,20.2777777778,0.0,-0.55,14.6,14.8,0.4,96.0,3.7187924981e+227,0.0,0.0,0.0,0.0,0.0,0.0,0.0,0.0,0.0,0.0,0.0,0.0,0.0
1374680220478555614,22009,1374680220478555614,,20,50,50,50,50,50,50,50,50,50,50,50,50,-32768,0.1,-0.0666666666667,10.4,10.2222222222,20.2444444444,20.1333333333,0.0,-0.55,14.6,14.8,0.4,96.0,3.7187924981e+227,0.0,0.0,0.0,0.0,0.0,0.0,0.0,0.0,0.0,0.0,0.0,0.0,0.0
1374680220587446129,22010,1374680220587446129,,20,50,50,50,50,50,50,50,50,50,50,50,50,-32768,0.1,-0.0666666666667,10.4,10.2222222222,20.2444444444,20.2777777778,0.0,-0.55,14.6,14.8,0.4,96.0,3.7187924981e+227,0.0,0.0,0.0,0.0,0.0,0.0,0.0,0.0,0.0,0.0,0.0,0.0,0.0
1374680220682967557,22011,1374680220682967557,,20,50,50,50,50,50,50,50,50,50,50,50,50,-32768,0.1,-0.0666666666667,10.4,10.2222222222,20.2444444444,20.1333333333,0.0,-0.55,14.6,14.8,0.4,96.0,3.7187924981e+227,0.0,0.0,0.0,0.0,0.0,0.0,0.0,0.0,0.0,0.0,0.0,0.0,0.0
1374680220790994904,22012,1374680220790994904,,20,50,50,50,50,50,50,50,50,50,50,50,50,-32768,0.1,-0.0666666666667,10.3555555556,10.2222222222,20.2444444444,20.1333333333,0.0,-0.55,14.6,14.8,0.4,96.0,3.7187924981e+227,0.0,0.0,0.0,0.0,0.0,0.0,0.0,0.0,0.0,0.0,0.0,0.0,0.0
1374680220886625355,22013,1374680220886625355,,20,50,50,50,50,50,50,50,50,50,50,50,50,-32768,0.1,-0.0666666666667,10.3555555556,10.2222222222,20.3888888889,20.2777777778,0.0,-0.55,14.6,14.8,0.4,96.0,3.7187924981e+227,0.0,0.0,0.0,0.0,0.0,0.0,0.0,0.0,0.0,0.0,0.0,0.0,0.0
1374680220990240339,22014,1374680220990240339,,20,50,50,50,50,50,50,50,50,50,50,50,50,-32768,0.1,-0.0666666666667,10.3555555556,10.2222222222,20.2444444444,20.1333333333,0.0,-0.55,14.6,14.8,0.4,96.0,3.7187924981e+227,0.0,0.0,0.0,0.0,0.0,0.0,0.0,0.0,0.0,0.0,0.0,0.0,0.0
1374680221087261749,22015,1374680221087261749,,20,50,50,50,50,50,50,50,50,50,50,50,50,-32768,0.1,-0.0666666666667,10.4,10.2222222222,20.2444444444,20.2777777778,0.0,-0.55,14.6,14.8,0.4,96.0,3.7187924981e+227,0.0,0.0,0.0,0.0,0.0,0.0,0.0,0.0,0.0,0.0,0.0,0.0,0.0
1374680221182837444,22016,1374680221182837444,,20,50,50,50,50,50,50,50,50,50,50,50,50,-32768,0.1,-0.0666666666667,10.3555555556,10.2222222222,20.2444444444,20.1333333333,0.0,-0.55,14.6,14.8,0.4,96.0,3.7187924981e+227,0.0,0.0,0.0,0.0,0.0,0.0,0.0,0.0,0.0,0.0,0.0,0.0,0.0
1374680221287034067,22017,1374680221287034067,,20,50,50,50,50,50,50,50,50,50,50,50,50,-32768,0.1,-0.0666666666667,10.4,10.2222222222,20.2444444444,20.2777777778,0.0,-0.55,14.6,14.8,0.4,96.0,3.7187924981e+227,0.0,0.0,0.0,0.0,0.0,0.0,0.0,0.0,0.0,0.0,0.0,0.0,0.0
1374680221382668707,22018,1374680221382668707,,20,50,50,50,50,50,50,50,50,50,50,50,50,-32768,0.1,-0.0666666666667,10.3555555556,10.2222222222,20.2444444444,20.1333333333,0.0,-0.55,14.6,14.6,0.4,96.0,3.7187924981e+227,0.0,0.0,0.0,0.0,0.0,0.0,0.0,0.0,0.0,0.0,0.0,0.0,0.0
1374680221479094510,22019,1374680221479094510,,20,50,50,50,50,50,50,50,50,50,50,50,50,-32768,0.1,-0.0666666666667,10.4,10.2222222222,20.2444444444,20.1333333333,0.0,-0.55,14.6,14.6,0.4,96.0,3.7187924981e+227,0.0,0.0,0.0,0.0,0.0,0.0,0.0,0.0,0.0,0.0,0.0,0.0,0.0
1374680221578458396,22020,1374680221578458396,,20,50,50,50,50,50,50,50,50,50,50,50,50,-32768,0.1,-0.0666666666667,10.4,10.2222222222,20.3888888889,20.2777777778,0.0,-0.55,14.6,14.8,0.4,96.0,3.7187924981e+227,0.0,0.0,0.0,0.0,0.0,0.0,0.0,0.0,0.0,0.0,0.0,0.0,0.0
1374680221679379813,22021,1374680221679379813,,20,50,50,50,50,50,50,50,50,50,50,50,50,-32768,0.1,-0.0666666666667,10.4,10.2222222222,20.2444444444,20.2777777778,0.0,-0.55,14.6,14.8,0.4,96.0,3.7187924981e+227,0.0,0.0,0.0,0.0,0.0,0.0,0.0,0.0,0.0,0.0,0.0,0.0,0.0
1374680221782919997,22022,1374680221782919997,,20,50,50,50,50,50,50,50,50,50,50,50,50,-32768,0.1,-0.0666666666667,10.4,10.2222222222,20.2444444444,20.1333333333,0.0,-0.55,14.6,14.8,0.4,96.0,3.7187924981e+227,0.0,0.0,0.0,0.0,0.0,0.0,0.0,0.0,0.0,0.0,0.0,0.0,0.0
1374680221878751730,22023,1374680221878751730,,20,50,50,50,50,50,50,50,50,50,50,50,50,-32768,0.1,-0.0666666666667,10.4,10.2222222222,20.2444444444,19.9166666667,0.0,-0.55,14.6,14.8,0.4,96.0,3.7187924981e+227,0.0,0.0,0.0,0.0,0.0,0.0,0.0,0.0,0.0,0.0,0.0,0.0,0.0
1374680221982003470,22024,1374680221982003470,,20,50,50,50,50,50,50,50,50,50,50,50,50,-32768,0.1,-0.0666666666667,10.4,10.2222222222,20.2444444444,19.7722222222,0.0,-0.55,14.6,14.8,0.4,96.0,3.7187924981e+227,0.0,0.0,0.0,0.0,0.0,0.0,0.0,0.0,0.0,0.0,0.0,0.0,0.0
1374680222090882462,22025,1374680222090882462,,20,50,50,50,50,50,50,50,50,50,50,50,50,-32768,0.1,-0.0666666666667,10.4,10.2666666667,20.1,19.6277777778,0.0,-0.55,14.6,14.8,0.4,96.0,3.7187924981e+227,0.0,0.0,0.0,0.0,0.0,0.0,0.0,0.0,0.0,0.0,0.0,0.0,0.0
1374680222186808481,22026,1374680222186808481,,20,50,50,50,50,50,50,50,50,50,50,50,50,-32768,0.1,-0.0666666666667,10.3555555556,10.2222222222,19.9555555556,19.6277777778,0.0,-0.55,14.6,14.8,0.4,96.0,3.7187924981e+227,0.0,0.0,0.0,0.0,0.0,0.0,0.0,0.0,0.0,0.0,0.0,0.0,0.0
1374680222283066944,22027,1374680222283066944,,20,50,50,50,50,50,50,50,50,50,50,50,50,-32768,0.1,-0.0666666666667,10.4,10.2666666667,19.7388888889,19.6277777778,0.0,-0.55,14.6,14.8,0.4,96.0,3.7187924981e+227,0.0,0.0,0.0,0.0,0.0,0.0,0.0,0.0,0.0,0.0,0.0,0.0,0.0
1374680222382582036,22028,1374680222382582036,,20,50,50,50,50,50,50,50,50,50,50,50,50,-32768,0.1,-0.0666666666667,10.4,10.2222222222,19.7388888889,19.6277777778,0.0,-0.55,14.6,14.8,0.4,96.0,3.7187924981e+227,0.0,0.0,0.0,0.0,0.0,0.0,0.0,0.0,0.0,0.0,0.0,0.0,0.0
1374680222478465521,22029,1374680222478465521,,20,50,50,50,50,50,50,50,50,50,50,50,50,-32768,0.1,-0.0666666666667,10.4,10.2666666667,19.7388888889,19.7722222222,0.0,-0.55,14.6,14.8,0.4,96.0,3.7187924981e+227,0.0,0.0,0.0,0.0,0.0,0.0,0.0,0.0,0.0,0.0,0.0,0.0,0.0
1374680222577987946,22030,1374680222577987946,,20,50,50,50,50,50,50,50,50,50,50,50,50,-32768,0.1,-0.0666666666667,10.4,10.2222222222,19.7388888889,19.9166666667,0.0,-0.55,14.6,14.8,0.4,96.0,3.7187924981e+227,0.0,0.0,0.0,0.0,0.0,0.0,0.0,0.0,0.0,0.0,0.0,0.0,0.0
1374680222677976422,22031,1374680222677976422,,20,50,50,50,50,50,50,50,50,50,50,50,50,-32768,0.1,-0.0666666666667,10.3555555556,10.1777777778,20.3888888889,20.2777777778,0.0,-0.55,14.6,14.6,0.4,96.0,3.7187924981e+227,0.0,0.0,0.0,0.0,0.0,0.0,0.0,0.0,0.0,0.0,0.0,0.0,0.0
1374680222790402513,22032,1374680222790402513,,20,50,50,50,50,50,50,50,50,50,50,50,50,-32768,0.1,-0.0666666666667,10.3555555556,10.1333333333,20.3888888889,20.2777777778,0.0,-0.55,14.6,14.8,0.4,96.0,3.7187924981e+227,0.0,0.0,0.0,0.0,0.0,0.0,0.0,0.0,0.0,0.0,0.0,0.0,0.0
1374680222886896899,22033,1374680222886896899,,20,50,50,50,50,50,50,50,50,50,50,50,50,-32768,0.1,-0.0666666666667,10.3555555556,10.1333333333,20.2444444444,20.2777777778,0.0,-0.55,14.6,14.8,0.4,96.0,3.7187924981e+227,0.0,0.0,0.0,0.0,0.0,0.0,0.0,0.0,0.0,0.0,0.0,0.0,0.0
1374680222983301959,22034,1374680222983301959,,20,50,50,50,50,50,50,50,50,50,50,50,50,-32768,0.1,-0.0666666666667,10.3555555556,10.1777777778,20.1,20.1333333333,0.0,-0.55,14.6,14.6,0.4,96.0,3.7187924981e+227,0.0,0.0,0.0,0.0,0.0,0.0,0.0,0.0,0.0,0.0,0.0,0.0,0.0
1374680223090631732,22035,1374680223090631732,,20,50,50,50,50,50,50,50,50,50,50,50,50,-32768,0.1,-0.0666666666667,10.3555555556,10.2222222222,20.2444444444,19.9166666667,0.0,-0.55,14.6,14.8,0.4,96.0,3.7187924981e+227,0.0,0.0,0.0,0.0,0.0,0.0,0.0,0.0,0.0,0.0,0.0,0.0,0.0
1374680223194592920,22036,1374680223194592920,,20,50,50,50,50,50,50,50,50,50,50,50,50,-32768,0.1,-0.0666666666667,10.4,10.2222222222,20.2444444444,19.7722222222,0.0,-0.55,14.6,14.8,0.4,96.0,3.7187924981e+227,0.0,0.0,0.0,0.0,0.0,0.0,0.0,0.0,0.0,0.0,0.0,0.0,0.0
1374680223295475924,22037,1374680223295475924,,20,50,50,50,50,50,50,50,50,50,50,50,50,-32768,0.1,-0.0666666666667,10.4,10.1777777778,20.2444444444,20.1333333333,0.0,-0.55,14.6,14.8,0.4,96.0,3.7187924981e+227,0.0,0.0,0.0,0.0,0.0,0.0,0.0,0.0,0.0,0.0,0.0,0.0,0.0
1374680223390992253,22038,1374680223390992253,,20,50,50,50,50,50,50,50,50,50,50,50,50,-32768,0.1,-0.0666666666667,10.3555555556,10.1777777778,20.2444444444,20.1333333333,0.0,-0.55,14.6,14.8,0.4,96.0,3.7187924981e+227,0.0,0.0,0.0,0.0,0.0,0.0,0.0,0.0,0.0,0.0,0.0,0.0,0.0
1374680223494657524,22039,1374680223494657524,,20,50,50,50,50,50,50,50,50,50,50,50,50,-32768,0.1,-0.0666666666667,10.3555555556,10.1777777778,20.3888888889,20.1333333333,0.0,-0.55,14.6,14.8,0.4,96.0,3.7187924981e+227,0.0,0.0,0.0,0.0,0.0,0.0,0.0,0.0,0.0,0.0,0.0,0.0,0.0
1374680223595362432,22040,1374680223595362432,,20,50,50,50,50,50,50,50,50,50,50,50,50,-32768,0.1,-0.0666666666667,10.3555555556,10.1777777778,20.3888888889,20.1333333333,0.0,-0.55,14.6,14.8,0.4,96.0,3.7187924981e+227,0.0,0.0,0.0,0.0,0.0,0.0,0.0,0.0,0.0,0.0,0.0,0.0,0.0
1374680223698933627,22041,1374680223698933627,,20,50,50,50,50,50,50,50,50,50,50,50,50,-32768,0.1,-0.0666666666667,10.3555555556,10.1777777778,20.2444444444,20.1333333333,0.0,-0.55,14.6,14.8,0.4,96.0,3.7187924981e+227,0.0,0.0,0.0,0.0,0.0,0.0,0.0,0.0,0.0,0.0,0.0,0.0,0.0
1374680223801974795,22042,1374680223801974795,,20,50,50,50,50,50,50,50,50,50,50,50,50,-32768,0.1,-0.0666666666667,10.4,10.1777777778,20.2444444444,20.1333333333,0.0,-0.65,14.6,14.8,0.4,96.0,3.7187924981e+227,0.0,0.0,0.0,0.0,0.0,0.0,0.0,0.0,0.0,0.0,0.0,0.0,0.0
1374680223899071494,22043,1374680223899071494,,20,50,50,50,50,50,50,50,50,50,50,50,50,-32768,0.1,-0.0666666666667,10.3555555556,10.1777777778,20.2444444444,20.2777777778,0.0,-0.55,14.6,14.8,0.4,96.0,3.7187924981e+227,0.0,0.0,0.0,0.0,0.0,0.0,0.0,0.0,0.0,0.0,0.0,0.0,0.0
1374680224002439450,22044,1374680224002439450,,20,50,50,50,50,50,50,50,50,50,50,50,50,-32768,0.1,-0.0666666666667,10.3555555556,10.1777777778,20.3888888889,20.1333333333,0.0,-0.55,14.6,14.8,0.4,96.0,3.7187924981e+227,0.0,0.0,0.0,0.0,0.0,0.0,0.0,0.0,0.0,0.0,0.0,0.0,0.0
1374680224102738021,22045,1374680224102738021,,20,50,50,50,50,50,50,50,50,50,50,50,50,-32768,0.1,-0.0666666666667,10.3555555556,10.1777777778,20.2444444444,20.2777777778,0.0,-0.55,14.6,14.8,0.4,96.0,3.7187924981e+227,0.0,0.0,0.0,0.0,0.0,0.0,0.0,0.0,0.0,0.0,0.0,0.0,0.0
1374680224198549501,22046,1374680224198549501,,20,50,50,50,50,50,50,50,50,50,50,50,50,-32768,0.1,-0.0666666666667,10.3555555556,10.1777777778,20.2444444444,20.1333333333,0.0,-0.55,14.6,14.8,0.4,96.0,3.7187924981e+227,0.0,0.0,0.0,0.0,0.0,0.0,0.0,0.0,0.0,0.0,0.0,0.0,0.0
1374680224302887343,22047,1374680224302887343,,20,50,50,50,50,50,50,50,50,50,50,50,50,-32768,0.1,-0.0666666666667,10.3555555556,10.1777777778,20.2444444444,20.2777777778,0.0,-0.55,14.6,14.8,0.4,96.0,3.7187924981e+227,0.0,0.0,0.0,0.0,0.0,0.0,0.0,0.0,0.0,0.0,0.0,0.0,0.0
1374680224406877794,22048,1374680224406877794,,20,50,50,50,50,50,50,50,50,50,50,50,50,-32768,0.1,-0.0666666666667,10.3555555556,10.1777777778,20.2444444444,20.1333333333,0.0,-0.55,14.6,14.8,0.4,96.0,3.7187924981e+227,0.0,0.0,0.0,0.0,0.0,0.0,0.0,0.0,0.0,0.0,0.0,0.0,0.0
1374680224504914905,22049,1374680224504914905,,20,50,50,50,50,50,50,50,50,50,50,50,50,-32768,0.1,-0.0666666666667,10.4,10.1777777778,20.3888888889,20.2777777778,0.0,-0.55,14.6,14.8,0.4,96.0,3.7187924981e+227,0.0,0.0,0.0,0.0,0.0,0.0,0.0,0.0,0.0,0.0,0.0,0.0,0.0
1374680224607197039,22050,1374680224607197039,,20,50,50,50,50,50,50,50,50,50,50,50,50,-32768,0.1,-0.0666666666667,10.4,10.1777777778,20.2444444444,20.1333333333,0.0,-0.55,14.6,14.6,0.4,96.0,3.7187924981e+227,0.0,0.0,0.0,0.0,0.0,0.0,0.0,0.0,0.0,0.0,0.0,0.0,0.0
1374680224703444188,22051,1374680224703444188,,20,50,50,50,50,50,50,50,50,50,50,50,50,-32768,0.1,-0.0666666666667,10.4,10.1777777778,20.3888888889,20.2777777778,0.0,-0.55,14.6,14.8,0.4,96.0,3.7187924981e+227,0.0,0.0,0.0,0.0,0.0,0.0,0.0,0.0,0.0,0.0,0.0,0.0,0.0
1374680224798894587,22052,1374680224798894587,,20,50,50,50,50,50,50,50,50,50,50,50,50,-32768,0.1,-0.0666666666667,10.3555555556,10.1777777778,20.2444444444,20.1333333333,0.0,-0.55,14.6,14.6,0.4,96.0,3.7187924981e+227,0.0,0.0,0.0,0.0,0.0,0.0,0.0,0.0,0.0,0.0,0.0,0.0,0.0
1374680224899026307,22053,1374680224899026307,,20,50,50,50,50,50,50,50,50,50,50,50,50,-32768,0.1,-0.0666666666667,10.3555555556,10.1777777778,20.2444444444,20.1333333333,0.0,-0.55,14.6,14.6,0.4,96.0,3.7187924981e+227,0.0,0.0,0.0,0.0,0.0,0.0,0.0,0.0,0.0,0.0,0.0,0.0,0.0
1374680224998490904,22054,1374680224998490904,,20,50,50,50,50,50,50,50,50,50,50,50,50,-32768,0.1,-0.0666666666667,10.3555555556,10.1777777778,20.3888888889,20.1333333333,0.0,-0.55,14.6,14.6,0.4,96.0,3.7187924981e+227,0.0,0.0,0.0,0.0,0.0,0.0,0.0,0.0,0.0,0.0,0.0,0.0,0.0
1374680225110712219,22055,1374680225110712219,,20,50,50,50,50,50,50,50,50,50,50,50,50,-32768,0.1,-0.0666666666667,10.3555555556,10.1777777778,20.2444444444,20.2777777778,0.0,-0.55,14.6,14.8,0.4,96.0,3.7187924981e+227,0.0,0.0,0.0,0.0,0.0,0.0,0.0,0.0,0.0,0.0,0.0,0.0,0.0
1374680225206577476,22056,1374680225206577476,,20,50,50,50,50,50,50,50,50,50,50,50,50,-32768,0.1,-0.0666666666667,10.3555555556,10.1777777778,20.2444444444,20.1333333333,0.0,-0.55,14.6,14.8,0.4,96.0,3.7187924981e+227,0.0,0.0,0.0,0.0,0.0,0.0,0.0,0.0,0.0,0.0,0.0,0.0,0.0
1374680225302464593,22057,1374680225302464593,,20,50,50,50,50,50,50,50,50,50,50,50,50,-32768,0.1,-0.0666666666667,10.3555555556,10.1777777778,20.2444444444,20.1333333333,0.0,-0.55,14.6,14.8,0.4,96.0,3.7187924981e+227,0.0,0.0,0.0,0.0,0.0,0.0,0.0,0.0,0.0,0.0,0.0,0.0,0.0
1374680225407205140,22058,1374680225407205140,,20,50,50,50,50,50,50,50,50,50,50,50,50,-32768,0.1,-0.0666666666667,10.3555555556,10.1777777778,20.2444444444,20.1333333333,0.0,-0.55,14.6,14.8,0.4,96.0,3.7187924981e+227,0.0,0.0,0.0,0.0,0.0,0.0,0.0,0.0,0.0,0.0,0.0,0.0,0.0
1374680225507496239,22059,1374680225507496239,,20,50,50,50,50,50,50,50,50,50,50,50,50,-32768,0.1,-0.0666666666667,10.3555555556,10.1777777778,20.2444444444,20.1333333333,0.0,-0.55,14.6,14.8,0.4,96.0,3.7187924981e+227,0.0,0.0,0.0,0.0,0.0,0.0,0.0,0.0,0.0,0.0,0.0,0.0,0.0
1374680225607434499,22060,1374680225607434499,,20,50,50,50,50,50,50,50,50,50,50,50,50,-32768,0.1,-0.0666666666667,10.3555555556,10.1777777778,20.2444444444,20.2777777778,0.0,-0.55,14.6,14.8,0.4,96.0,3.7187924981e+227,0.0,0.0,0.0,0.0,0.0,0.0,0.0,0.0,0.0,0.0,0.0,0.0,0.0
1374680225702959140,22061,1374680225702959140,,20,50,50,50,50,50,50,50,50,50,50,50,50,-32768,0.1,-0.0666666666667,10.3555555556,10.2222222222,20.2444444444,20.1333333333,0.0,-0.55,14.6,14.8,0.4,96.0,3.7187924981e+227,0.0,0.0,0.0,0.0,0.0,0.0,0.0,0.0,0.0,0.0,0.0,0.0,0.0
1374680225798854987,22062,1374680225798854987,,20,50,50,50,50,50,50,50,50,50,50,50,50,-32768,0.1,-0.0666666666667,10.4,10.2222222222,20.2444444444,20.1333333333,0.0,-0.55,14.6,14.8,0.4,96.0,3.7187924981e+227,0.0,0.0,0.0,0.0,0.0,0.0,0.0,0.0,0.0,0.0,0.0,0.0,0.0
1374680225910869084,22063,1374680225910869084,,20,50,50,50,50,50,50,50,50,50,50,50,50,-32768,0.1,-0.0666666666667,10.4,10.2222222222,20.2444444444,20.2777777778,0.0,-0.55,14.6,14.8,0.4,96.0,3.7187924981e+227,0.0,0.0,0.0,0.0,0.0,0.0,0.0,0.0,0.0,0.0,0.0,0.0,0.0
1374680226014720272,22064,1374680226014720272,,20,50,50,50,50,50,50,50,50,50,50,50,50,-32768,0.1,-0.0666666666667,10.4,10.2222222222,20.2444444444,20.1333333333,0.0,-0.55,14.6,14.8,0.4,96.0,3.7187924981e+227,0.0,0.0,0.0,0.0,0.0,0.0,0.0,0.0,0.0,0.0,0.0,0.0,0.0
1374680226110479719,22065,1374680226110479719,,20,50,50,50,50,50,50,50,50,50,50,50,50,-32768,0.1,-0.0666666666667,10.4,10.2222222222,20.2444444444,20.1333333333,0.0,-0.55,14.6,14.8,0.4,96.0,3.7187924981e+227,0.0,0.0,0.0,0.0,0.0,0.0,0.0,0.0,0.0,0.0,0.0,0.0,0.0
1374680226219277207,22066,1374680226219277207,,20,50,50,50,50,50,50,50,50,50,50,50,50,-32768,0.1,-0.0666666666667,10.3555555556,10.2222222222,20.2444444444,20.1333333333,0.0,-0.55,14.6,14.8,0.4,96.0,3.7187924981e+227,0.0,0.0,0.0,0.0,0.0,0.0,0.0,0.0,0.0,0.0,0.0,0.0,0.0
1374680226315144279,22067,1374680226315144279,,20,50,50,50,50,50,50,50,50,50,50,50,50,-32768,0.1,-0.0666666666667,10.3555555556,10.2222222222,20.2444444444,20.1333333333,0.0,-0.55,14.6,14.8,0.4,96.0,3.7187924981e+227,0.0,0.0,0.0,0.0,0.0,0.0,0.0,0.0,0.0,0.0,0.0,0.0,0.0
1374680226415167956,22068,1374680226415167956,,20,50,50,50,50,50,50,50,50,50,50,50,50,-32768,0.1,-0.0666666666667,10.3555555556,10.2222222222,20.2444444444,20.1333333333,0.0,-0.55,14.6,14.8,0.4,96.0,3.7187924981e+227,0.0,0.0,0.0,0.0,0.0,0.0,0.0,0.0,0.0,0.0,0.0,0.0,0.0
1374680226510893879,22069,1374680226510893879,,20,50,50,50,50,50,50,50,50,50,50,50,50,-32768,0.1,-0.0666666666667,10.3555555556,10.2222222222,20.2444444444,20.1333333333,0.0,-0.55,14.6,14.8,0.4,96.0,3.7187924981e+227,0.0,0.0,0.0,0.0,0.0,0.0,0.0,0.0,0.0,0.0,0.0,0.0,0.0
1374680226618829175,22070,1374680226618829175,,20,50,50,50,50,50,50,50,50,50,50,50,50,-32768,0.1,-0.0666666666667,10.3555555556,10.2222222222,20.2444444444,20.1333333333,0.0,-0.55,14.6,14.8,0.4,96.0,3.7187924981e+227,0.0,0.0,0.0,0.0,0.0,0.0,0.0,0.0,0.0,0.0,0.0,0.0,0.0
1374680226718593671,22071,1374680226718593671,,20,50,50,50,50,50,50,50,50,50,50,50,50,-32768,0.1,-0.0666666666667,10.3555555556,10.2222222222,20.2444444444,20.2777777778,0.0,-0.55,14.6,14.8,0.4,96.0,3.7187924981e+227,0.0,0.0,0.0,0.0,0.0,0.0,0.0,0.0,0.0,0.0,0.0,0.0,0.0
1374680226818838465,22072,1374680226818838465,,20,50,50,50,50,50,50,50,50,50,50,50,50,-32768,0.1,-0.0666666666667,10.3555555556,10.2222222222,20.2444444444,20.1333333333,0.0,-0.55,14.6,14.8,0.4,96.0,3.7187924981e+227,0.0,0.0,0.0,0.0,0.0,0.0,0.0,0.0,0.0,0.0,0.0,0.0,0.0
1374680226927119615,22073,1374680226927119615,,20,50,50,50,50,50,50,50,50,50,50,50,50,-32768,0.1,-0.0666666666667,10.3555555556,10.2222222222,20.2444444444,20.1333333333,0.0,-0.55,14.6,14.6,0.4,96.0,3.7187924981e+227,0.0,0.0,0.0,0.0,0.0,0.0,0.0,0.0,0.0,0.0,0.0,0.0,0.0
1374680227037940265,22074,1374680227037940265,,20,50,50,50,50,50,50,50,50,50,50,50,50,-32768,0.1,-0.0666666666667,10.3555555556,10.2222222222,20.2444444444,20.2777777778,0.0,-0.55,14.6,14.6,0.4,96.0,3.7187924981e+227,0.0,0.0,0.0,0.0,0.0,0.0,0.0,0.0,0.0,0.0,0.0,0.0,0.0
1374680227134983884,22075,1374680227134983884,,20,50,50,50,50,50,50,50,50,50,50,50,50,-32768,0.1,-0.0666666666667,10.3555555556,10.2222222222,20.2444444444,20.1333333333,0.0,-0.55,14.6,14.6,0.4,96.0,3.7187924981e+227,0.0,0.0,0.0,0.0,0.0,0.0,0.0,0.0,0.0,0.0,0.0,0.0,0.0
1374680227230654562,22076,1374680227230654562,,20,50,50,50,50,50,50,50,50,50,50,50,50,-32768,0.1,-0.0666666666667,10.4,10.2222222222,20.2444444444,20.1333333333,0.0,-0.55,14.6,14.8,0.4,96.0,3.7187924981e+227,0.0,0.0,0.0,0.0,0.0,0.0,0.0,0.0,0.0,0.0,0.0,0.0,0.0
1374680227342909821,22077,1374680227342909821,,20,50,50,50,50,50,50,50,50,50,50,50,50,-32768,0.1,-0.0666666666667,10.4,10.2222222222,20.2444444444,20.1333333333,0.0,-0.55,14.6,14.8,0.4,96.0,3.7187924981e+227,0.0,0.0,0.0,0.0,0.0,0.0,0.0,0.0,0.0,0.0,0.0,0.0,0.0
1374680227442981268,22078,1374680227442981268,,20,50,50,50,50,50,50,50,50,50,50,50,50,-32768,0.1,-0.0666666666667,10.4,10.2222222222,20.1,19.7722222222,0.0,-0.55,14.6,14.8,0.4,96.0,3.7187924981e+227,0.0,0.0,0.0,0.0,0.0,0.0,0.0,0.0,0.0,0.0,0.0,0.0,0.0
1374680227538391369,22079,1374680227538391369,,20,50,50,50,50,50,50,50,50,50,50,50,50,-32768,0.1,-0.0666666666667,10.3555555556,10.2222222222,19.9555555556,19.7722222222,0.0,-0.55,14.6,14.8,0.4,96.0,3.7187924981e+227,0.0,0.0,0.0,0.0,0.0,0.0,0.0,0.0,0.0,0.0,0.0,0.0,0.0
1374680227635210308,22080,1374680227635210308,,20,50,50,50,50,50,50,50,50,50,50,50,50,-32768,0.1,-0.0666666666667,10.4,10.2222222222,19.7388888889,19.6277777778,0.0,-0.55,14.6,14.8,0.4,96.0,3.7187924981e+227,0.0,0.0,0.0,0.0,0.0,0.0,0.0,0.0,0.0,0.0,0.0,0.0,0.0
1374680227739297210,22081,1374680227739297210,,20,50,50,50,50,50,50,50,50,50,50,50,50,-32768,0.1,-0.0666666666667,10.4,10.2666666667,19.5944444444,19.6277777778,0.0,-0.55,14.6,14.8,0.4,96.0,3.7187924981e+227,0.0,0.0,0.0,0.0,0.0,0.0,0.0,0.0,0.0,0.0,0.0,0.0,0.0
1374680227846529764,22082,1374680227846529764,,20,50,50,50,50,50,50,50,50,50,50,50,50,-32768,0.1,-0.0666666666667,10.4,10.2666666667,19.5944444444,19.6277777778,0.0,-0.55,14.6,14.8,0.4,96.0,3.7187924981e+227,0.0,0.0,0.0,0.0,0.0,0.0,0.0,0.0,0.0,0.0,0.0,0.0,0.0
1374680227946670285,22083,1374680227946670285,,20,50,50,50,50,50,50,50,50,50,50,50,50,-32768,0.1,-0.0666666666667,10.4,10.2666666667,19.5944444444,19.6277777778,0.0,-0.55,14.6,14.8,0.4,96.0,3.7187924981e+227,0.0,0.0,0.0,0.0,0.0,0.0,0.0,0.0,0.0,0.0,0.0,0.0,0.0
1374680228054574083,22084,1374680228054574083,,20,50,50,50,50,50,50,50,50,50,50,50,50,-32768,0.1,-0.0666666666667,10.4,10.2222222222,19.7388888889,19.7722222222,0.0,-0.55,14.6,14.8,0.4,96.0,3.7187924981e+227,0.0,0.0,0.0,0.0,0.0,0.0,0.0,0.0,0.0,0.0,0.0,0.0,0.0
1374680228151376121,22085,1374680228151376121,,20,50,50,50,50,50,50,50,50,50,50,50,50,-32768,0.1,-0.0666666666667,10.3555555556,10.2222222222,19.9555555556,20.2777777778,0.0,-0.55,14.6,14.8,0.4,96.0,3.7187924981e+227,0.0,0.0,0.0,0.0,0.0,0.0,0.0,0.0,0.0,0.0,0.0,0.0,0.0
1374680228259027303,22086,1374680228259027303,,20,50,50,50,50,50,50,50,50,50,50,50,50,-32768,0.1,-0.0666666666667,10.3555555556,10.1333333333,20.3888888889,20.2777777778,0.0,-0.55,14.6,14.8,0.4,96.0,3.7187924981e+227,0.0,0.0,0.0,0.0,0.0,0.0,0.0,0.0,0.0,0.0,0.0,0.0,0.0
1374680228354851982,22087,1374680228354851982,,20,50,50,50,50,50,50,50,50,50,50,50,50,-32768,0.1,-0.0666666666667,10.3555555556,10.0888888889,20.3888888889,20.2777777778,0.0,-0.55,14.6,14.8,0.4,96.0,3.7187924981e+227,0.0,0.0,0.0,0.0,0.0,0.0,0.0,0.0,0.0,0.0,0.0,0.0,0.0
1374680228451318362,22088,1374680228451318362,,20,50,50,50,50,50,50,50,50,50,50,50,50,-32768,0.1,-0.0666666666667,10.4,10.1777777778,20.2444444444,20.1333333333,0.0,-0.55,14.6,14.8,0.4,96.0,3.7187924981e+227,0.0,0.0,0.0,0.0,0.0,0.0,0.0,0.0,0.0,0.0,0.0,0.0,0.0
1374680228554974833,22089,1374680228554974833,,20,50,50,50,50,50,50,50,50,50,50,50,50,-32768,0.1,-0.0666666666667,10.4,10.2222222222,20.2444444444,20.2777777778,0.0,-0.55,14.6,14.8,0.4,96.0,3.7187924981e+227,0.0,0.0,0.0,0.0,0.0,0.0,0.0,0.0,0.0,0.0,0.0,0.0,0.0
1374680228659210497,22090,1374680228659210497,,20,50,50,50,50,50,50,50,50,50,50,50,50,-32768,0.1,-0.0666666666667,10.3555555556,10.1777777778,20.3888888889,20.2777777778,0.0,-0.55,14.6,14.8,0.4,96.0,3.7187924981e+227,0.0,0.0,0.0,0.0,0.0,0.0,0.0,0.0,0.0,0.0,0.0,0.0,0.0
1374680228761897990,22091,1374680228761897990,,20,50,50,50,50,50,50,50,50,50,50,50,50,-32768,0.1,-0.0666666666667,10.3555555556,10.1333333333,20.3888888889,20.2777777778,0.0,-0.55,14.6,14.8,0.4,96.0,3.7187924981e+227,0.0,0.0,0.0,0.0,0.0,0.0,0.0,0.0,0.0,0.0,0.0,0.0,0.0
1374680228866806575,22092,1374680228866806575,,20,50,50,50,50,50,50,50,50,50,50,50,50,-32768,0.1,-0.0666666666667,10.3555555556,10.1333333333,20.3888888889,20.2777777778,0.0,-0.55,14.6,14.6,0.4,96.0,3.7187924981e+227,0.0,0.0,0.0,0.0,0.0,0.0,0.0,0.0,0.0,0.0,0.0,0.0,0.0
1374680228963454263,22093,1374680228963454263,,20,50,50,50,50,50,50,50,50,50,50,50,50,-32768,0.1,-0.0666666666667,10.3555555556,10.1333333333,20.2444444444,20.2777777778,0.0,-0.55,14.6,14.6,0.4,96.0,3.7187924981e+227,0.0,0.0,0.0,0.0,0.0,0.0,0.0,0.0,0.0,0.0,0.0,0.0,0.0
1374680229066610251,22094,1374680229066610251,,20,50,50,50,50,50,50,50,50,50,50,50,50,-32768,0.1,-0.0666666666667,10.3555555556,10.1333333333,20.3888888889,20.2777777778,0.0,-0.55,14.6,14.8,0.4,96.0,3.7187924981e+227,0.0,0.0,0.0,0.0,0.0,0.0,0.0,0.0,0.0,0.0,0.0,0.0,0.0
1374680229166792049,22095,1374680229166792049,,20,50,50,50,50,50,50,50,50,50,50,50,50,-32768,0.1,-0.0666666666667,10.3555555556,10.1333333333,20.2444444444,20.1333333333,0.0,-0.55,14.6,14.6,0.4,96.0,3.7187924981e+227,0.0,0.0,0.0,0.0,0.0,0.0,0.0,0.0,0.0,0.0,0.0,0.0,0.0
1374680229275375821,22096,1374680229275375821,,20,50,50,50,50,50,50,50,50,50,50,50,50,-32768,0.1,-0.0666666666667,10.3555555556,10.1777777778,20.2444444444,19.7722222222,0.0,-0.55,14.6,14.8,0.4,96.0,3.7187924981e+227,0.0,0.0,0.0,0.0,0.0,0.0,0.0,0.0,0.0,0.0,0.0,0.0,0.0
1374680229370493357,22097,1374680229370493357,,20,50,50,50,50,50,50,50,50,50,50,50,50,-32768,0.1,-0.0666666666667,10.3555555556,10.2222222222,20.1,19.7722222222,0.0,-0.55,14.6,14.8,0.4,96.0,3.7187924981e+227,0.0,0.0,0.0,0.0,0.0,0.0,0.0,0.0,0.0,0.0,0.0,0.0,0.0
1374680229466476925,22098,1374680229466476925,,20,50,50,50,50,50,50,50,50,50,50,50,50,-32768,0.1,-0.0666666666667,10.3555555556,10.2222222222,20.2444444444,20.1333333333,0.0,-0.55,14.6,14.8,0.4,96.0,3.7187924981e+227,0.0,0.0,0.0,0.0,0.0,0.0,0.0,0.0,0.0,0.0,0.0,0.0,0.0
1374680229574932399,22099,1374680229574932399,,20,50,50,50,50,50,50,50,50,50,50,50,50,-32768,0.1,-0.0666666666667,10.3555555556,10.2222222222,20.2444444444,20.2777777778,0.0,-0.55,14.6,14.8,0.4,96.0,3.7187924981e+227,0.0,0.0,0.0,0.0,0.0,0.0,0.0,0.0,0.0,0.0,0.0,0.0,0.0
1374680229670477224,22100,1374680229670477224,,20,50,50,50,50,50,50,50,50,50,50,50,50,-32768,0.1,-0.0666666666667,10.3555555556,10.2222222222,20.2444444444,20.1333333333,0.0,-0.55,14.6,14.8,0.4,96.0,3.7187924981e+227,0.0,0.0,0.0,0.0,0.0,0.0,0.0,0.0,0.0,0.0,0.0,0.0,0.0
1374680229770077872,22101,1374680229770077872,,20,50,50,50,50,50,50,50,50,50,50,50,50,-32768,0.1,-0.0666666666667,10.4,10.2222222222,20.2444444444,20.1333333333,0.0,-0.55,14.6,14.8,0.4,96.0,3.7187924981e+227,0.0,0.0,0.0,0.0,0.0,0.0,0.0,0.0,0.0,0.0,0.0,0.0,0.0
1374680229867340722,22102,1374680229867340722,,20,50,50,50,50,50,50,50,50,50,50,50,50,-32768,0.1,-0.0666666666667,10.4,10.2222222222,20.3888888889,20.1333333333,0.0,-0.55,14.6,14.8,0.4,96.0,3.7187924981e+227,0.0,0.0,0.0,0.0,0.0,0.0,0.0,0.0,0.0,0.0,0.0,0.0,0.0
1374680229971057046,22103,1374680229971057046,,20,50,50,50,50,50,50,50,50,50,50,50,50,-32768,0.1,-0.0666666666667,10.4,10.2222222222,20.2444444444,20.1333333333,0.0,-0.55,14.6,14.8,0.4,96.0,3.7187924981e+227,0.0,0.0,0.0,0.0,0.0,0.0,0.0,0.0,0.0,0.0,0.0,0.0,0.0
1374680230075338177,22104,1374680230075338177,,20,50,50,50,50,50,50,50,50,50,50,50,50,-32768,0.1,-0.0666666666667,10.3555555556,10.2222222222,20.2444444444,20.1333333333,0.0,-0.55,14.6,14.8,0.4,96.0,3.7187924981e+227,0.0,0.0,0.0,0.0,0.0,0.0,0.0,0.0,0.0,0.0,0.0,0.0,0.0
1374680230181939435,22105,1374680230181939435,,20,50,50,50,50,50,50,50,50,50,50,50,50,-32768,0.1,-0.0666666666667,10.3555555556,10.2222222222,20.2444444444,20.1333333333,0.0,-0.55,14.6,14.8,0.4,96.0,3.7187924981e+227,0.0,0.0,0.0,0.0,0.0,0.0,0.0,0.0,0.0,0.0,0.0,0.0,0.0
1374680230278877593,22106,1374680230278877593,,20,50,50,50,50,50,50,50,50,50,50,50,50,-32768,0.1,-0.0666666666667,10.4,10.2222222222,20.3888888889,20.1333333333,0.0,-0.55,14.6,14.8,0.4,96.0,3.7187924981e+227,0.0,0.0,0.0,0.0,0.0,0.0,0.0,0.0,0.0,0.0,0.0,0.0,0.0
1374680230375487637,22107,1374680230375487637,,20,50,50,50,50,50,50,50,50,50,50,50,50,-32768,0.1,-0.0666666666667,10.4,10.2222222222,20.2444444444,20.2777777778,0.0,-0.55,14.6,14.8,0.4,96.0,3.7187924981e+227,0.0,0.0,0.0,0.0,0.0,0.0,0.0,0.0,0.0,0.0,0.0,0.0,0.0
1374680230475427923,22108,1374680230475427923,,20,50,50,50,50,50,50,50,50,50,50,50,50,-32768,0.1,-0.0666666666667,10.4,10.2222222222,20.2444444444,20.1333333333,0.0,-0.55,14.6,14.8,0.4,96.0,3.7187924981e+227,0.0,0.0,0.0,0.0,0.0,0.0,0.0,0.0,0.0,0.0,0.0,0.0,0.0
1374680230574590875,22109,1374680230574590875,,20,50,50,50,50,50,50,50,50,50,50,50,50,-32768,0.1,-0.0666666666667,10.3555555556,10.2222222222,20.2444444444,20.1333333333,0.0,-0.55,14.6,14.8,0.4,96.0,3.7187924981e+227,0.0,0.0,0.0,0.0,0.0,0.0,0.0,0.0,0.0,0.0,0.0,0.0,0.0
1374680230682703918,22110,1374680230682703918,,20,50,50,50,50,50,50,50,50,50,50,50,50,-32768,0.1,-0.0666666666667,10.3555555556,10.2222222222,20.2444444444,20.1333333333,0.0,-0.55,14.6,14.8,0.4,96.0,3.7187924981e+227,0.0,0.0,0.0,0.0,0.0,0.0,0.0,0.0,0.0,0.0,0.0,0.0,0.0
1374680230779441562,22111,1374680230779441562,,20,50,50,50,50,50,50,50,50,50,50,50,50,-32768,0.1,-0.0666666666667,10.3555555556,10.2222222222,20.2444444444,20.1333333333,0.0,-0.55,14.6,14.8,0.4,96.0,3.7187924981e+227,0.0,0.0,0.0,0.0,0.0,0.0,0.0,0.0,0.0,0.0,0.0,0.0,0.0
1374680230878474540,22112,1374680230878474540,,20,50,50,50,50,50,50,50,50,50,50,50,50,-32768,0.1,-0.0666666666667,10.4,10.2222222222,20.2444444444,20.1333333333,0.0,-0.55,14.6,14.8,0.4,96.0,3.7187924981e+227,0.0,0.0,0.0,0.0,0.0,0.0,0.0,0.0,0.0,0.0,0.0,0.0,0.0
1374680230987452846,22113,1374680230987452846,,20,50,50,50,50,50,50,50,50,50,50,50,50,-32768,0.1,-0.0666666666667,10.4,10.2222222222,20.2444444444,20.1333333333,0.0,-0.55,14.6,14.8,0.4,96.0,3.7187924981e+227,0.0,0.0,0.0,0.0,0.0,0.0,0.0,0.0,0.0,0.0,0.0,0.0,0.0
1374680231086656167,22114,1374680231086656167,,20,50,50,50,50,50,50,50,50,50,50,50,50,-32768,0.1,-0.0666666666667,10.3555555556,10.2222222222,20.2444444444,20.1333333333,0.0,-0.55,14.6,14.8,0.4,96.0,3.7187924981e+227,0.0,0.0,0.0,0.0,0.0,0.0,0.0,0.0,0.0,0.0,0.0,0.0,0.0
1374680231191438689,22115,1374680231191438689,,20,50,50,50,50,50,50,50,50,50,50,50,50,-32768,0.1,-0.0666666666667,10.3555555556,10.2222222222,20.2444444444,20.1333333333,0.0,-0.55,14.6,14.8,0.4,96.0,3.7187924981e+227,0.0,0.0,0.0,0.0,0.0,0.0,0.0,0.0,0.0,0.0,0.0,0.0,0.0
1374680231286966682,22116,1374680231286966682,,20,50,50,50,50,50,50,50,50,50,50,50,50,-32768,0.1,-0.0666666666667,10.3555555556,10.2222222222,20.2444444444,20.2777777778,0.0,-0.55,14.6,14.6,0.4,96.0,3.7187924981e+227,0.0,0.0,0.0,0.0,0.0,0.0,0.0,0.0,0.0,0.0,0.0,0.0,0.0
1374680231390770936,22117,1374680231390770936,,20,50,50,50,50,50,50,50,50,50,50,50,50,-32768,0.1,-0.0666666666667,10.3555555556,10.2222222222,20.2444444444,20.1333333333,0.0,-0.55,14.6,14.8,0.4,96.0,3.7187924981e+227,0.0,0.0,0.0,0.0,0.0,0.0,0.0,0.0,0.0,0.0,0.0,0.0,0.0
1374680231487398720,22118,1374680231487398720,,20,50,50,50,50,50,50,50,50,50,50,50,50,-32768,0.1,-0.0666666666667,10.3555555556,10.2222222222,20.2444444444,20.1333333333,0.0,-0.55,14.6,14.8,0.4,96.0,3.7187924981e+227,0.0,0.0,0.0,0.0,0.0,0.0,0.0,0.0,0.0,0.0,0.0,0.0,0.0
1374680231586912346,22119,1374680231586912346,,20,50,50,50,50,50,50,50,50,50,50,50,50,-32768,0.1,-0.0666666666667,10.3555555556,10.2222222222,20.2444444444,20.2777777778,0.0,-0.55,14.6,14.8,0.4,96.0,3.7187924981e+227,0.0,0.0,0.0,0.0,0.0,0.0,0.0,0.0,0.0,0.0,0.0,0.0,0.0
1374680231686655400,22120,1374680231686655400,,20,50,50,50,50,50,50,50,50,50,50,50,50,-32768,0.1,-0.0666666666667,10.3555555556,10.2222222222,20.2444444444,20.1333333333,0.0,-0.55,14.6,14.8,0.4,96.0,3.7187924981e+227,0.0,0.0,0.0,0.0,0.0,0.0,0.0,0.0,0.0,0.0,0.0,0.0,0.0
1374680231790804810,22121,1374680231790804810,,20,50,50,50,50,50,50,50,50,50,50,50,50,-32768,0.1,-0.0666666666667,10.3555555556,10.2222222222,20.2444444444,20.2777777778,0.0,-0.55,14.6,14.8,0.4,96.0,3.7187924981e+227,0.0,0.0,0.0,0.0,0.0,0.0,0.0,0.0,0.0,0.0,0.0,0.0,0.0
1374680231890519439,22122,1374680231890519439,,20,50,50,50,50,50,50,50,50,50,50,50,50,-32768,0.1,-0.0666666666667,10.3555555556,10.2222222222,20.2444444444,20.1333333333,0.0,-0.55,14.6,14.8,0.4,96.0,3.7187924981e+227,0.0,0.0,0.0,0.0,0.0,0.0,0.0,0.0,0.0,0.0,0.0,0.0,0.0
1374680231987216994,22123,1374680231987216994,,20,50,50,50,50,50,50,50,50,50,50,50,50,-32768,0.1,-0.0666666666667,10.3555555556,10.2222222222,20.2444444444,20.2777777778,0.0,-0.55,14.6,14.8,0.4,96.0,3.7187924981e+227,0.0,0.0,0.0,0.0,0.0,0.0,0.0,0.0,0.0,0.0,0.0,0.0,0.0
1374680232096857256,22124,1374680232096857256,,20,50,50,50,50,50,50,50,50,50,50,50,50,-32768,0.1,-0.0666666666667,10.3555555556,10.2222222222,20.3888888889,20.1333333333,0.0,-0.55,14.6,14.8,0.4,96.0,3.7187924981e+227,0.0,0.0,0.0,0.0,0.0,0.0,0.0,0.0,0.0,0.0,0.0,0.0,0.0
1374680232199353034,22125,1374680232199353034,,20,50,50,50,50,50,50,50,50,50,50,50,50,-32768,0.1,-0.0666666666667,10.4,10.2222222222,20.2444444444,20.1333333333,0.0,-0.55,14.6,14.8,0.4,96.0,3.7187924981e+227,0.0,0.0,0.0,0.0,0.0,0.0,0.0,0.0,0.0,0.0,0.0,0.0,0.0
1374680232302939174,22126,1374680232302939174,,20,50,50,50,50,50,50,50,50,50,50,50,50,-32768,0.1,-0.0666666666667,10.4,10.2222222222,20.3888888889,20.1333333333,0.0,-0.55,14.6,14.8,0.4,96.0,3.7187924981e+227,0.0,0.0,0.0,0.0,0.0,0.0,0.0,0.0,0.0,0.0,0.0,0.0,0.0
1374680232398659650,22127,1374680232398659650,,20,50,50,50,50,50,50,50,50,50,50,50,50,-32768,0.1,-0.0666666666667,10.4,10.2222222222,20.2444444444,20.2777777778,0.0,-0.55,14.6,14.8,0.4,96.0,3.7187924981e+227,0.0,0.0,0.0,0.0,0.0,0.0,0.0,0.0,0.0,0.0,0.0,0.0,0.0
1374680232494476227,22128,1374680232494476227,,20,50,50,50,50,50,50,50,50,50,50,50,50,-32768,0.1,-0.0666666666667,10.4,10.2222222222,20.2444444444,20.1333333333,0.0,-0.55,14.6,14.8,0.4,96.0,3.7187924981e+227,0.0,0.0,0.0,0.0,0.0,0.0,0.0,0.0,0.0,0.0,0.0,0.0,0.0
1374680232590497648,22129,1374680232590497648,,20,50,50,50,50,50,50,50,50,50,50,50,50,-32768,0.1,-0.0666666666667,10.4,10.2222222222,20.2444444444,20.1333333333,0.0,-0.55,14.6,14.8,0.4,96.0,3.7187924981e+227,0.0,0.0,0.0,0.0,0.0,0.0,0.0,0.0,0.0,0.0,0.0,0.0,0.0
1374680232694507306,22130,1374680232694507306,,20,50,50,50,50,50,50,50,50,50,50,50,50,-32768,0.1,-0.0666666666667,10.4,10.2222222222,20.2444444444,20.1333333333,0.0,-0.55,14.6,14.8,0.4,96.0,3.7187924981e+227,0.0,0.0,0.0,0.0,0.0,0.0,0.0,0.0,0.0,0.0,0.0,0.0,0.0
1374680232798360240,22131,1374680232798360240,,20,50,50,50,50,50,50,50,50,50,50,50,50,-32768,0.1,-0.0666666666667,10.3555555556,10.2222222222,20.2444444444,20.2777777778,0.0,-0.55,14.6,14.8,0.4,96.0,3.7187924981e+227,0.0,0.0,0.0,0.0,0.0,0.0,0.0,0.0,0.0,0.0,0.0,0.0,0.0
1374680232906700965,22132,1374680232906700965,,20,50,50,50,50,50,50,50,50,50,50,50,50,-32768,0.1,-0.0666666666667,10.3555555556,10.2222222222,20.2444444444,20.1333333333,0.0,-0.55,14.6,14.8,0.4,96.0,3.7187924981e+227,0.0,0.0,0.0,0.0,0.0,0.0,0.0,0.0,0.0,0.0,0.0,0.0,0.0
1374680233002811853,22133,1374680233002811853,,20,50,50,50,50,50,50,50,50,50,50,50,50,-32768,0.1,-0.0666666666667,10.3555555556,10.2222222222,20.2444444444,20.1333333333,0.0,-0.55,14.6,14.8,0.4,96.0,3.7187924981e+227,0.0,0.0,0.0,0.0,0.0,0.0,0.0,0.0,0.0,0.0,0.0,0.0,0.0
1374680233102675314,22134,1374680233102675314,,20,50,50,50,50,50,50,50,50,50,50,50,50,-32768,0.1,-0.0666666666667,10.3555555556,10.2222222222,20.2444444444,20.1333333333,0.0,-0.55,14.6,14.8,0.4,96.0,3.7187924981e+227,0.0,0.0,0.0,0.0,0.0,0.0,0.0,0.0,0.0,0.0,0.0,0.0,0.0
1374680233202833644,22135,1374680233202833644,,20,50,50,50,50,50,50,50,50,50,50,50,50,-32768,0.1,-0.0666666666667,10.3555555556,10.2222222222,20.2444444444,20.2777777778,0.0,-0.55,14.6,14.8,0.4,96.0,3.7187924981e+227,0.0,0.0,0.0,0.0,0.0,0.0,0.0,0.0,0.0,0.0,0.0,0.0,0.0
1374680233311144757,22136,1374680233311144757,,20,50,50,50,50,50,50,50,50,50,50,50,50,-32768,0.1,-0.0666666666667,10.3555555556,10.2222222222,20.2444444444,20.1333333333,0.0,-0.55,14.6,14.8,0.4,96.0,3.7187924981e+227,0.0,0.0,0.0,0.0,0.0,0.0,0.0,0.0,0.0,0.0,0.0,0.0,0.0
1374680233426971000,22137,1374680233426971000,,20,50,50,50,50,50,50,50,50,50,50,50,50,-32768,0.1,-0.0666666666667,10.4,10.2222222222,20.2444444444,20.1333333333,0.0,-0.55,14.6,14.8,0.4,96.0,3.7187924981e+227,0.0,0.0,0.0,0.0,0.0,0.0,0.0,0.0,0.0,0.0,0.0,0.0,0.0
1374680233522681349,22138,1374680233522681349,,20,50,50,50,50,50,50,50,50,50,50,50,50,-32768,0.1,-0.0666666666667,10.3555555556,10.2222222222,20.2444444444,20.1333333333,0.0,-0.55,14.6,14.8,0.4,96.0,3.7187924981e+227,0.0,0.0,0.0,0.0,0.0,0.0,0.0,0.0,0.0,0.0,0.0,0.0,0.0
1374680233622423146,22139,1374680233622423146,,20,50,50,50,50,50,50,50,50,50,50,50,50,-32768,0.1,-0.0666666666667,10.4,10.2222222222,20.2444444444,20.2777777778,0.0,-0.55,14.6,14.8,0.4,96.0,3.7187924981e+227,0.0,0.0,0.0,0.0,0.0,0.0,0.0,0.0,0.0,0.0,0.0,0.0,0.0
1374680233727090849,22140,1374680233727090849,,20,50,50,50,50,50,50,50,50,50,50,50,50,-32768,0.1,-0.0666666666667,10.4,10.2222222222,20.2444444444,20.1333333333,0.0,-0.55,14.6,14.8,0.4,96.0,3.7187924981e+227,0.0,0.0,0.0,0.0,0.0,0.0,0.0,0.0,0.0,0.0,0.0,0.0,0.0
1374680233831017814,22141,1374680233831017814,,20,50,50,50,50,50,50,50,50,50,50,50,50,-32768,0.1,-0.0666666666667,10.3555555556,10.2222222222,20.2444444444,20.1333333333,0.0,-0.55,14.6,14.8,0.4,96.0,3.7187924981e+227,0.0,0.0,0.0,0.0,0.0,0.0,0.0,0.0,0.0,0.0,0.0,0.0,0.0
1374680233934885205,22142,1374680233934885205,,20,50,50,50,50,50,50,50,50,50,50,50,50,-32768,0.1,-0.0666666666667,10.3555555556,10.2222222222,20.2444444444,20.1333333333,0.0,-0.55,14.6,14.8,0.4,96.0,3.7187924981e+227,0.0,0.0,0.0,0.0,0.0,0.0,0.0,0.0,0.0,0.0,0.0,0.0,0.0
1374680234030553649,22143,1374680234030553649,,20,50,50,50,50,50,50,50,50,50,50,50,50,-32768,0.1,-0.0666666666667,10.3555555556,10.2222222222,20.2444444444,20.1333333333,0.0,-0.55,14.6,14.8,0.4,96.0,3.7187924981e+227,0.0,0.0,0.0,0.0,0.0,0.0,0.0,0.0,0.0,0.0,0.0,0.0,0.0
1374680234134308107,22144,1374680234134308107,,20,50,50,50,50,50,50,50,50,50,50,50,50,-32768,0.1,-0.0666666666667,10.3555555556,10.2222222222,20.2444444444,20.1333333333,0.0,-0.55,14.6,14.8,0.4,96.0,3.7187924981e+227,0.0,0.0,0.0,0.0,0.0,0.0,0.0,0.0,0.0,0.0,0.0,0.0,0.0
1374680234231079764,22145,1374680234231079764,,20,50,50,50,50,50,50,50,50,50,50,50,50,-32768,0.1,-0.0666666666667,10.3555555556,10.2222222222,20.2444444444,20.2777777778,0.0,-0.55,14.6,14.8,0.4,96.0,3.7187924981e+227,0.0,0.0,0.0,0.0,0.0,0.0,0.0,0.0,0.0,0.0,0.0,0.0,0.0
1374680234327049084,22146,1374680234327049084,,20,50,50,50,50,50,50,50,50,50,50,50,50,-32768,0.1,-0.0666666666667,10.3555555556,10.2222222222,20.2444444444,20.1333333333,0.0,-0.55,14.6,14.8,0.4,96.0,3.7187924981e+227,0.0,0.0,0.0,0.0,0.0,0.0,0.0,0.0,0.0,0.0,0.0,0.0,0.0
1374680234435505186,22147,1374680234435505186,,20,50,50,50,50,50,50,50,50,50,50,50,50,-32768,0.1,-0.0666666666667,10.3555555556,10.2222222222,20.2444444444,20.2777777778,0.0,-0.55,14.6,14.8,0.4,96.0,3.7187924981e+227,0.0,0.0,0.0,0.0,0.0,0.0,0.0,0.0,0.0,0.0,0.0,0.0,0.0
1374680234534874729,22148,1374680234534874729,,20,50,50,50,50,50,50,50,50,50,50,50,50,-32768,0.1,-0.0666666666667,10.3555555556,10.2222222222,20.2444444444,20.1333333333,0.0,-0.55,14.6,14.8,0.4,96.0,3.7187924981e+227,0.0,0.0,0.0,0.0,0.0,0.0,0.0,0.0,0.0,0.0,0.0,0.0,0.0
1374680234642814844,22149,1374680234642814844,,20,50,50,50,50,50,50,50,50,50,50,50,50,-32768,0.1,-0.0666666666667,10.3555555556,10.2222222222,20.2444444444,20.2777777778,0.0,-0.55,14.6,14.8,0.4,96.0,3.7187924981e+227,0.0,0.0,0.0,0.0,0.0,0.0,0.0,0.0,0.0,0.0,0.0,0.0,0.0
1374680234742447479,22150,1374680234742447479,,20,50,50,50,50,50,50,50,50,50,50,50,50,-32768,0.1,-0.0666666666667,10.4,10.2222222222,20.2444444444,20.1333333333,0.0,-0.55,14.6,14.8,0.4,96.0,3.7187924981e+227,0.0,0.0,0.0,0.0,0.0,0.0,0.0,0.0,0.0,0.0,0.0,0.0,0.0
1374680234851423620,22151,1374680234851423620,,20,50,50,50,50,50,50,50,50,50,50,50,50,-32768,0.1,-0.0666666666667,10.4,10.2222222222,20.2444444444,20.1333333333,0.0,-0.55,14.6,14.8,0.4,96.0,3.7187924981e+227,0.0,0.0,0.0,0.0,0.0,0.0,0.0,0.0,0.0,0.0,0.0,0.0,0.0
1374680234951478306,22152,1374680234951478306,,20,50,50,50,50,50,50,50,50,50,50,50,50,-32768,0.1,-0.0666666666667,10.4,10.2222222222,20.2444444444,20.1333333333,0.0,-0.55,14.6,14.8,0.4,96.0,3.7187924981e+227,0.0,0.0,0.0,0.0,0.0,0.0,0.0,0.0,0.0,0.0,0.0,0.0,0.0
1374680235055090218,22153,1374680235055090218,,20,50,50,50,50,50,50,50,50,50,50,50,50,-32768,0.1,-0.0666666666667,10.3555555556,10.2222222222,20.2444444444,20.2777777778,0.0,-0.55,14.6,14.8,0.4,96.0,3.7187924981e+227,0.0,0.0,0.0,0.0,0.0,0.0,0.0,0.0,0.0,0.0,0.0,0.0,0.0
1374680235167492563,22154,1374680235167492563,,20,50,50,50,50,50,50,50,50,50,50,50,50,-32768,0.1,-0.0666666666667,10.3555555556,10.2222222222,20.2444444444,20.1333333333,0.0,-0.55,14.6,14.6,0.4,96.0,3.7187924981e+227,0.0,0.0,0.0,0.0,0.0,0.0,0.0,0.0,0.0,0.0,0.0,0.0,0.0
1374680235274510983,22155,1374680235274510983,,20,50,50,50,50,50,50,50,50,50,50,50,50,-32768,0.1,-0.0666666666667,10.3555555556,10.2222222222,20.2444444444,20.1333333333,0.0,-0.55,14.6,14.6,0.4,96.0,3.7187924981e+227,0.0,0.0,0.0,0.0,0.0,0.0,0.0,0.0,0.0,0.0,0.0,0.0,0.0
1374680235378743085,22156,1374680235378743085,,20,50,50,50,50,50,50,50,50,50,50,50,50,-32768,0.1,-0.0666666666667,10.3555555556,10.2222222222,20.2444444444,20.1333333333,0.0,-0.55,14.6,14.6,0.4,96.0,3.7187924981e+227,0.0,0.0,0.0,0.0,0.0,0.0,0.0,0.0,0.0,0.0,0.0,0.0,0.0
1374680235475091364,22157,1374680235475091364,,20,50,50,50,50,50,50,50,50,50,50,50,50,-32768,0.1,-0.0666666666667,10.3555555556,10.2222222222,20.2444444444,20.1333333333,0.0,-0.55,14.6,14.6,0.4,96.0,3.7187924981e+227,0.0,0.0,0.0,0.0,0.0,0.0,0.0,0.0,0.0,0.0,0.0,0.0,0.0
1374680235574442119,22158,1374680235574442119,,20,50,50,50,50,50,50,50,50,50,50,50,50,-32768,0.1,-0.0666666666667,10.3555555556,10.2222222222,20.2444444444,20.1333333333,0.0,-0.55,14.6,14.6,0.4,96.0,3.7187924981e+227,0.0,0.0,0.0,0.0,0.0,0.0,0.0,0.0,0.0,0.0,0.0,0.0,0.0
1374680235682884953,22159,1374680235682884953,,20,50,50,50,50,50,50,50,50,50,50,50,50,-32768,0.1,-0.0666666666667,10.3555555556,10.2222222222,20.2444444444,20.2777777778,0.0,-0.55,14.6,14.8,0.4,96.0,3.7187924981e+227,0.0,0.0,0.0,0.0,0.0,0.0,0.0,0.0,0.0,0.0,0.0,0.0,0.0
1374680235783114940,22160,1374680235783114940,,20,50,50,50,50,50,50,50,50,50,50,50,50,-32768,0.1,-0.0666666666667,10.3555555556,10.2222222222,20.2444444444,20.1333333333,0.0,-0.55,14.6,14.8,0.4,96.0,3.7187924981e+227,0.0,0.0,0.0,0.0,0.0,0.0,0.0,0.0,0.0,0.0,0.0,0.0,0.0
1374680235883199379,22161,1374680235883199379,,20,50,50,50,50,50,50,50,50,50,50,50,50,-32768,0.1,-0.0666666666667,10.3555555556,10.2222222222,20.2444444444,20.1333333333,0.0,-0.55,14.6,14.8,0.4,96.0,3.7187924981e+227,0.0,0.0,0.0,0.0,0.0,0.0,0.0,0.0,0.0,0.0,0.0,0.0,0.0
1374680235978534749,22162,1374680235978534749,,20,50,50,50,50,50,50,50,50,50,50,50,50,-32768,0.1,-0.0666666666667,10.3555555556,10.2222222222,20.2444444444,20.2777777778,0.0,-0.55,14.6,14.8,0.4,96.0,3.7187924981e+227,0.0,0.0,0.0,0.0,0.0,0.0,0.0,0.0,0.0,0.0,0.0,0.0,0.0
1374680236083227874,22163,1374680236083227874,,20,50,50,50,50,50,50,50,50,50,50,50,50,-32768,0.1,-0.0666666666667,10.3555555556,10.2222222222,20.2444444444,20.1333333333,0.0,-0.55,14.6,14.8,0.4,96.0,3.7187924981e+227,0.0,0.0,0.0,0.0,0.0,0.0,0.0,0.0,0.0,0.0,0.0,0.0,0.0
1374680236187353399,22164,1374680236187353399,,20,50,50,50,50,50,50,50,50,50,50,50,50,-32768,0.1,-0.0666666666667,10.3555555556,10.2222222222,20.2444444444,20.2777777778,0.0,-0.55,14.6,14.8,0.4,96.0,3.7187924981e+227,0.0,0.0,0.0,0.0,0.0,0.0,0.0,0.0,0.0,0.0,0.0,0.0,0.0
1374680236290830238,22165,1374680236290830238,,20,50,50,50,50,50,50,50,50,50,50,50,50,-32768,0.1,-0.0666666666667,10.4,10.2222222222,20.2444444444,20.1333333333,0.0,-0.55,14.6,14.8,0.4,96.0,3.7187924981e+227,0.0,0.0,0.0,0.0,0.0,0.0,0.0,0.0,0.0,0.0,0.0,0.0,0.0
1374680236386798720,22166,1374680236386798720,,20,50,50,50,50,50,50,50,50,50,50,50,50,-32768,0.1,-0.0666666666667,10.4,10.2222222222,20.2444444444,20.1333333333,0.0,-0.55,14.6,14.8,0.4,96.0,3.7187924981e+227,0.0,0.0,0.0,0.0,0.0,0.0,0.0,0.0,0.0,0.0,0.0,0.0,0.0
1374680236486926809,22167,1374680236486926809,,20,50,50,50,50,50,50,50,50,50,50,50,50,-32768,0.1,-0.0666666666667,10.4,10.2222222222,20.2444444444,20.2777777778,0.0,-0.55,14.6,14.8,0.4,96.0,3.7187924981e+227,0.0,0.0,0.0,0.0,0.0,0.0,0.0,0.0,0.0,0.0,0.0,0.0,0.0
1374680236583266288,22168,1374680236583266288,,20,50,50,50,50,50,50,50,50,50,50,50,50,-32768,0.1,-0.0666666666667,10.4,10.2222222222,20.2444444444,20.1333333333,0.0,-0.55,14.6,14.6,0.4,96.0,3.7187924981e+227,0.0,0.0,0.0,0.0,0.0,0.0,0.0,0.0,0.0,0.0,0.0,0.0,0.0
1374680236698837192,22169,1374680236698837192,,20,50,50,50,50,50,50,50,50,50,50,50,50,-32768,0.1,-0.0666666666667,10.4,10.2222222222,20.2444444444,20.1333333333,0.0,-0.55,14.6,14.8,0.4,96.0,3.7187924981e+227,0.0,0.0,0.0,0.0,0.0,0.0,0.0,0.0,0.0,0.0,0.0,0.0,0.0
1374680236794774524,22170,1374680236794774524,,20,50,50,50,50,50,50,50,50,50,50,50,50,-32768,0.1,-0.0666666666667,10.4,10.2222222222,20.2444444444,20.1333333333,0.0,-0.55,14.6,14.8,0.4,96.0,3.7187924981e+227,0.0,0.0,0.0,0.0,0.0,0.0,0.0,0.0,0.0,0.0,0.0,0.0,0.0
1374680236890721774,22171,1374680236890721774,,20,50,50,50,50,50,50,50,50,50,50,50,50,-32768,0.1,-0.0666666666667,10.4,10.2222222222,20.3888888889,20.1333333333,0.0,-0.55,14.6,14.6,0.4,96.0,3.7187924981e+227,0.0,0.0,0.0,0.0,0.0,0.0,0.0,0.0,0.0,0.0,0.0,0.0,0.0
1374680236994537552,22172,1374680236994537552,,20,50,50,50,50,50,50,50,50,50,50,50,50,-32768,0.1,-0.0666666666667,10.4,10.2222222222,20.2444444444,20.2777777778,0.0,-0.55,14.6,14.8,0.4,96.0,3.7187924981e+227,0.0,0.0,0.0,0.0,0.0,0.0,0.0,0.0,0.0,0.0,0.0,0.0,0.0
1374680237091433736,22173,1374680237091433736,,20,50,50,50,50,50,50,50,50,50,50,50,50,-32768,0.1,-0.0666666666667,10.4,10.2222222222,20.2444444444,20.1333333333,0.0,-0.55,14.6,14.6,0.4,96.0,3.7187924981e+227,0.0,0.0,0.0,0.0,0.0,0.0,0.0,0.0,0.0,0.0,0.0,0.0,0.0
1374680237190468948,22174,1374680237190468948,,20,50,50,50,50,50,50,50,50,50,50,50,50,-32768,0.1,-0.0666666666667,10.4,10.2222222222,20.2444444444,20.1333333333,0.0,-0.55,14.6,14.6,0.4,96.0,3.7187924981e+227,0.0,0.0,0.0,0.0,0.0,0.0,0.0,0.0,0.0,0.0,0.0,0.0,0.0
1374680237287422961,22175,1374680237287422961,,20,50,50,50,50,50,50,50,50,50,50,50,50,-32768,0.1,-0.0666666666667,10.4,10.2222222222,20.3888888889,20.2777777778,0.0,-0.55,14.6,14.6,0.4,96.0,3.7187924981e+227,0.0,0.0,0.0,0.0,0.0,0.0,0.0,0.0,0.0,0.0,0.0,0.0,0.0
1374680237383474484,22176,1374680237383474484,,20,50,50,50,50,50,50,50,50,50,50,50,50,-32768,0.1,-0.0666666666667,10.4,10.2222222222,20.2444444444,20.2777777778,0.0,-0.55,14.6,14.8,0.4,96.0,3.7187924981e+227,0.0,0.0,0.0,0.0,0.0,0.0,0.0,0.0,0.0,0.0,0.0,0.0,0.0
1374680237487020186,22177,1374680237487020186,,20,50,50,50,50,50,50,50,50,50,50,50,50,-32768,0.1,-0.0666666666667,10.4,10.2222222222,20.2444444444,20.1333333333,0.0,-0.55,14.6,14.8,0.4,96.0,3.7187924981e+227,0.0,0.0,0.0,0.0,0.0,0.0,0.0,0.0,0.0,0.0,0.0,0.0,0.0
1374680237590703476,22178,1374680237590703476,,20,50,50,50,50,50,50,50,50,50,50,50,50,-32768,0.1,-0.0666666666667,10.4,10.2222222222,20.2444444444,20.2777777778,0.0,-0.55,14.6,14.8,0.4,96.0,3.7187924981e+227,0.0,0.0,0.0,0.0,0.0,0.0,0.0,0.0,0.0,0.0,0.0,0.0,0.0
1374680237686908092,22179,1374680237686908092,,20,50,50,50,50,50,50,50,50,50,50,50,50,-32768,0.1,-0.0666666666667,10.3555555556,10.2222222222,20.2444444444,20.1333333333,0.0,-0.55,14.6,14.8,0.4,96.0,3.7187924981e+227,0.0,0.0,0.0,0.0,0.0,0.0,0.0,0.0,0.0,0.0,0.0,0.0,0.0
1374680237782577095,22180,1374680237782577095,,20,50,50,50,50,50,50,50,50,50,50,50,50,-32768,0.1,-0.0666666666667,10.3555555556,10.2222222222,20.2444444444,20.1333333333,0.0,-0.55,14.6,14.8,0.4,96.0,3.7187924981e+227,0.0,0.0,0.0,0.0,0.0,0.0,0.0,0.0,0.0,0.0,0.0,0.0,0.0
1374680237886615387,22181,1374680237886615387,,20,50,50,50,50,50,50,50,50,50,50,50,50,-32768,0.1,-0.0666666666667,10.3555555556,10.2222222222,20.2444444444,20.2777777778,0.0,-0.55,14.6,14.8,0.4,96.0,3.7187924981e+227,0.0,0.0,0.0,0.0,0.0,0.0,0.0,0.0,0.0,0.0,0.0,0.0,0.0
1374680237986727413,22182,1374680237986727413,,20,50,50,50,50,50,50,50,50,50,50,50,50,-32768,0.1,-0.0666666666667,10.3555555556,10.2222222222,20.2444444444,20.1333333333,0.0,-0.55,14.6,14.8,0.4,96.0,3.7187924981e+227,0.0,0.0,0.0,0.0,0.0,0.0,0.0,0.0,0.0,0.0,0.0,0.0,0.0
1374680238086995464,22183,1374680238086995464,,20,50,50,50,50,50,50,50,50,50,50,50,50,-32768,0.1,-0.0666666666667,10.3555555556,10.2222222222,20.2444444444,20.1333333333,0.0,-0.55,14.6,14.8,0.4,96.0,3.7187924981e+227,0.0,0.0,0.0,0.0,0.0,0.0,0.0,0.0,0.0,0.0,0.0,0.0,0.0
1374680238190517700,22184,1374680238190517700,,20,50,50,50,50,50,50,50,50,50,50,50,50,-32768,0.1,-0.0666666666667,10.3555555556,10.2222222222,20.3888888889,20.1333333333,0.0,-0.55,14.6,14.8,0.4,96.0,3.7187924981e+227,0.0,0.0,0.0,0.0,0.0,0.0,0.0,0.0,0.0,0.0,0.0,0.0,0.0
1374680238286741242,22185,1374680238286741242,,20,50,50,50,50,50,50,50,50,50,50,50,50,-32768,0.1,-0.0666666666667,10.3555555556,10.2222222222,20.2444444444,20.1333333333,0.0,-0.55,14.6,14.8,0.4,96.0,3.7187924981e+227,0.0,0.0,0.0,0.0,0.0,0.0,0.0,0.0,0.0,0.0,0.0,0.0,0.0
1374680238387254785,22186,1374680238387254785,,20,50,50,50,50,50,50,50,50,50,50,50,50,-32768,0.1,-0.0666666666667,10.3555555556,10.2222222222,20.2444444444,20.1333333333,0.0,-0.55,14.6,14.8,0.4,96.0,3.7187924981e+227,0.0,0.0,0.0,0.0,0.0,0.0,0.0,0.0,0.0,0.0,0.0,0.0,0.0
1374680238486751788,22187,1374680238486751788,,20,50,50,50,50,50,50,50,50,50,50,50,50,-32768,0.1,-0.0666666666667,10.3555555556,10.2222222222,20.2444444444,20.1333333333,0.0,-0.55,14.6,14.8,0.4,96.0,3.7187924981e+227,0.0,0.0,0.0,0.0,0.0,0.0,0.0,0.0,0.0,0.0,0.0,0.0,0.0
1374680238586569503,22188,1374680238586569503,,20,50,50,50,50,50,50,50,50,50,50,50,50,-32768,0.1,-0.0666666666667,10.3555555556,10.2222222222,20.2444444444,20.1333333333,0.0,-0.55,14.6,14.8,0.4,96.0,3.7187924981e+227,0.0,0.0,0.0,0.0,0.0,0.0,0.0,0.0,0.0,0.0,0.0,0.0,0.0
1374680238686861021,22189,1374680238686861021,,20,50,50,50,50,50,50,50,50,50,50,50,50,-32768,0.1,-0.0666666666667,10.3555555556,10.2222222222,20.2444444444,20.1333333333,0.0,-0.55,14.6,14.8,0.4,96.0,3.7187924981e+227,0.0,0.0,0.0,0.0,0.0,0.0,0.0,0.0,0.0,0.0,0.0,0.0,0.0
1374680238783127236,22190,1374680238783127236,,20,50,50,50,50,50,50,50,50,50,50,50,50,-32768,0.1,-0.0666666666667,10.3555555556,10.2222222222,20.2444444444,20.2777777778,0.0,-0.55,14.6,14.6,0.4,96.0,3.7187924981e+227,0.0,0.0,0.0,0.0,0.0,0.0,0.0,0.0,0.0,0.0,0.0,0.0,0.0
